-- phpMyAdmin SQL Dump
-- version 4.7.7
-- https://www.phpmyadmin.net/
--
-- Host: 127.0.0.1
-- Generation Time: Jun 20, 2018 at 03:57 PM
-- Server version: 10.1.30-MariaDB
-- PHP Version: 7.2.2

SET SQL_MODE = "NO_AUTO_VALUE_ON_ZERO";
SET AUTOCOMMIT = 0;
START TRANSACTION;
SET time_zone = "+00:00";


/*!40101 SET @OLD_CHARACTER_SET_CLIENT=@@CHARACTER_SET_CLIENT */;
/*!40101 SET @OLD_CHARACTER_SET_RESULTS=@@CHARACTER_SET_RESULTS */;
/*!40101 SET @OLD_COLLATION_CONNECTION=@@COLLATION_CONNECTION */;
/*!40101 SET NAMES utf8mb4 */;

--
-- Database: `cigenerator`
--

-- --------------------------------------------------------

--
-- Table structure for table `category`
--

CREATE TABLE `category` (
  `id` int(11) NOT NULL,
  `name` varchar(255) NOT NULL
) ENGINE=InnoDB DEFAULT CHARSET=latin1;

--
-- Dumping data for table `category`
--

INSERT INTO `category` (`id`, `name`) VALUES
(1, 'cat 1'),
(2, 'Cat 2'),
(7, 'Cat 4');

-- --------------------------------------------------------

--
-- Table structure for table `cats_pro`
--

CREATE TABLE `cats_pro` (
  `id` int(11) NOT NULL,
  `cat_id` int(11) NOT NULL,
  `pro_id` int(11) NOT NULL
) ENGINE=InnoDB DEFAULT CHARSET=latin1;

--
-- Dumping data for table `cats_pro`
--

INSERT INTO `cats_pro` (`id`, `cat_id`, `pro_id`) VALUES
(1, 1, 1),
(2, 2, 1),
(3, 2, 2),
(4, 3, 2);

-- --------------------------------------------------------

--
-- Table structure for table `centers`
--

CREATE TABLE `centers` (
  `id` int(11) NOT NULL,
  `center_name` varchar(100) COLLATE utf8mb4_unicode_ci NOT NULL,
  `specialization` int(11) NOT NULL,
  `logo` text COLLATE utf8mb4_unicode_ci NOT NULL,
  `center_type` int(11) NOT NULL,
  `owner` int(11) NOT NULL,
  `center_country` int(11) NOT NULL,
  `center_city` int(11) NOT NULL,
  `about_center` text COLLATE utf8mb4_unicode_ci NOT NULL,
  `center_address` text COLLATE utf8mb4_unicode_ci NOT NULL,
  `center_branch` varchar(100) COLLATE utf8mb4_unicode_ci NOT NULL,
  `center_email` varchar(100) COLLATE utf8mb4_unicode_ci NOT NULL,
  `center_website` varchar(100) COLLATE utf8mb4_unicode_ci NOT NULL,
  `center_phone` varchar(50) COLLATE utf8mb4_unicode_ci NOT NULL,
  `cr` varchar(50) CHARACTER SET utf8 DEFAULT NULL,
  `center_lat` varchar(10) COLLATE utf8mb4_unicode_ci NOT NULL,
  `center_long` varchar(10) COLLATE utf8mb4_unicode_ci NOT NULL,
  `reg_date` datetime NOT NULL
) ENGINE=InnoDB DEFAULT CHARSET=utf8mb4 COLLATE=utf8mb4_unicode_ci;

--
-- Dumping data for table `centers`
--

INSERT INTO `centers` (`id`, `center_name`, `specialization`, `logo`, `center_type`, `owner`, `center_country`, `center_city`, `about_center`, `center_address`, `center_branch`, `center_email`, `center_website`, `center_phone`, `cr`, `center_lat`, `center_long`, `reg_date`) VALUES
(1, 'معهد الادارة العامة', 1, 'ipa.jpg', 1, 1, 1, 1, '​​​​​​​​​​​​​أنشئ معهد الإدارة العامة بموجب المرسوم الملكي رقم ( 93) وتاريخ 24/10/1380هـ الموافق (10/4/1961م) ، باعتباره هيئة حكومية مستقلة ذات شخصية اعتبارية ، بهدف رفع كفاية موظفي الدولة وإعدادهم علميًا لتحمل مسئولياتهم وممارسة صلاحياتهم على نحو يكفل الارتقاء بمستوى الإدارة ويدعم قواعد تنمية الاقتصاد الوطني . كما يختص المعهد بالإسهام في التنظيم الإداري للإدارة الحكومية وإعطاء المشورة في المشكلات الإدارية التي تعرضها عليه الوزارات والأجهزة الحكومية ، والبحوث المتعلقة بشئون الإدارة وتوثيق الروابط الثقافية في مجال الإدارة العامة .', '1', '1', 'mdawaina@yahoo.com', 'https://www.ipa.edu.sa/Arabic/Pages/index.aspx', '1143322220', NULL, '1', '1', '2018-02-20 00:00:00'),
(2, 'المعهد العلمي في جدة', 1, 'mahadj.jpg', 1, 6, 1, 1, 'هذا المعهد تعلمنا منه الاخلاق والقيم العاليه حيث يوجد فيه نخبة من الاساتذة الكرام ولو الله ثم هذا المعهد لما اكملت دراستي الجامعية ولما حصلت على شهادة بتخصص هندسة اتصالات واخيرا مع التحية للجميع', 'جدة - المملكة العربية السعودية', '1', 'emailj@mail.com', 'http://mahadj.net/inf/', '0114665504', NULL, '1', '1', '2018-02-20 02:12:17'),
(3, 'المؤسسة العامة للتدريب المهني', 1, 'tvtc.jpg', 1, 6, 1, 1, 'تم افتتاح الكلية التقنية في الأحساء في أواخر عام 1409/1410هـ . وهي منذ نشأتها تشهد تطوراً متزايداً في عدد ونوعية التخصصات من ناحية وفي تجهيز المختبرات والورش والمعامل من ناحية أخرى . وقد واكب ذلك  زيادة مضطردة في أعداد الهيئة التعليمية والإدارية والفنية . ', 'الاحساء', 'الاحساء', 'mail22@mail.com', 'http://www.tvtc.gov.sa', '0114665504', NULL, '1', '1', '2018-02-20 08:17:23'),
(4, 'معهد نهج للتدريب', 1, 'nahjj.jpg', 1, 1, 184, 2879, 'مجموعة تعليمية عالمية، تعنى بالتعليم المبكر، وتخدم اللغة العربية وتسعى إلى تأصيل الهوية العربية الإسلامية، وتستهدف كل مؤسسات العالم وتنمو بشكل تدريجي يبدأ بتقديم الخدمات المساندة وينتهي بمنظومة متكاملة من الخدمات التربوية والتعليمية في مجال التعليم المبكر 1 إلى 8 سنوات (حضانة، رياض أطفال، مرحلة أولية).', 'Qurtubah, Riyadh', '', 'info@nahjj.com', 'www.nahjj.com', '0554127441', NULL, '', '', '0000-00-00 00:00:00'),
(5, 'أكاديمية أي بي اس للتدريب', 2, 'ibstraining.jpg', 1, 7, 63, 2, 'تم افتتاح اكاديمية اي بي اس للتدريب في اوائل عام 2014 .. كمركز تدريب قائم على فكر ورؤية ورسالة ذات طابع خاص، حيث يجمع هذا المركز الوليد بين روح الشباب وخبرة الكبار داخل فريق العمل بالأكاديمية، وتهدف الاكاديمية الى تقديم الخدمات التدريبية المعتادة ولكن بأسلوب عصري حديث، يمزج بين التدريب النظري المطعم بالتطبيقات المهنية والعملية .. فالأكاديمية بالأساس تقوم على تأهيل المتدربين الى سوق العمل بعد تزويدهم بكل ما يحتاجون من المادة العلمية والنظرية التي تثقل معارفهم قبل خوض الجانب العملي والتطبيقي.', 'القاهرة - مصر', 'القاهرة - مصر', 'info@ibsacademy.org', 'https://ibsacademy.org', '0020226720267', NULL, '30.053651', '31.349732', '0000-00-00 00:00:00'),
(9, 'يوروماتيك للتدريب والإستشارات الإدارية', 1, 'logo1.png', 2, 4, 2, 3, 'تقدم يوروماتيك حلول التدريب الإحترافي ذات مستوى عالمي بمهنية وجودة لتمكين المنظمات والأفراد العاملين في القطاعين الحكومي والخاص ومساعدتهم على تحقيق أهدافهم التطويرية على الصعيدين المهني والمؤسسي، لقد ترجمنا خبراتنا إلى تدريب ذو مستوى عالمي ومتميز من خلال مجموعة واسعة من البرامج التدريبية، الندوات، الدورات وورش العمل والمؤتمرات والتي نقدمها من خلال نخبة من المدربين العالميين والاستشاريين والتي تمكننا من أن نقدم حلولاً تتناسب مع أعمالكم واحتياجاتكم', 'الامارات العربية المتحدة – دبي', 'الامارات العربية المتحدة – دبي', 'booking@euromatech.ae', 'http://www.euromatech.ae/', '4571800400971', NULL, '30.053651', '31.349732', '0000-00-00 00:00:00'),
(10, 'أكاديمية الجزيرة العالمية', 1, 'aljazeera-logo3.jpg', 1, 10, 1, 2, 'تعد أكاديمية الجزيرة العالمية بفضل الله من الصروح التدريبية الرائدة والتي تدعم قطاع التدريب والتعليم في المملكة وذلك بإتباعها أحدث الأساليب في مجال التدريب واستخدامها لأحدث التجهيزات الفنية ووسائل التقنية على مستوي العالم . وذلك لخدمة العملية التعليمية والتدريبية وقد حرصت الأكاديمية قدر الاستطاعة على اختيار أفضل الكوادر البشرية من الأساتذة المتخصصين من كبرى الجامعات العربية والعالمية', 'المملكة العربية السعودية - الرياض - حي النخيل - شارع الإمام سعود بن عبد العزيز بن محمد ( غرب طريق الملك فهد )', 'cere', 'Info@aljazeeraacademy.com', 'http://aljazeeraacademy.com', '920013444', '000000', '0', '0', '0000-00-00 00:00:00');

-- --------------------------------------------------------

--
-- Table structure for table `center_type`
--

CREATE TABLE `center_type` (
  `id` int(11) NOT NULL,
  `type_desc` varchar(100) COLLATE utf8mb4_unicode_ci NOT NULL
) ENGINE=InnoDB DEFAULT CHARSET=utf8mb4 COLLATE=utf8mb4_unicode_ci;

--
-- Dumping data for table `center_type`
--

INSERT INTO `center_type` (`id`, `type_desc`) VALUES
(1, 'خاص'),
(2, 'نسائي');

-- --------------------------------------------------------

--
-- Table structure for table `cities`
--

CREATE TABLE `cities` (
  `id` int(11) NOT NULL,
  `city_name` varchar(255) COLLATE utf8mb4_unicode_ci NOT NULL,
  `country_id` int(11) NOT NULL,
  `city_code` varchar(32) COLLATE utf8mb4_unicode_ci NOT NULL,
  `city_status` tinyint(4) NOT NULL
) ENGINE=InnoDB DEFAULT CHARSET=utf8mb4 COLLATE=utf8mb4_unicode_ci;

--
-- Dumping data for table `cities`
--

INSERT INTO `cities` (`id`, `city_name`, `country_id`, `city_code`, `city_status`) VALUES
(1, 'Badakhshan', 1, 'BDS', 1),
(2, 'Badghis', 1, 'BDG', 1),
(3, 'Baghlan', 1, 'BGL', 1),
(4, 'Balkh', 1, 'BAL', 1),
(5, 'Bamian', 1, 'BAM', 1),
(6, 'Farah', 1, 'FRA', 1),
(7, 'Faryab', 1, 'FYB', 1),
(8, 'Ghazni', 1, 'GHA', 1),
(9, 'Ghowr', 1, 'GHO', 1),
(10, 'Helmand', 1, 'HEL', 1),
(11, 'Herat', 1, 'HER', 1),
(12, 'Jowzjan', 1, 'JOW', 1),
(13, 'Kabul', 1, 'KAB', 1),
(14, 'Kandahar', 1, 'KAN', 1),
(15, 'Kapisa', 1, 'KAP', 1),
(16, 'Khost', 1, 'KHO', 1),
(17, 'Konar', 1, 'KNR', 1),
(18, 'Kondoz', 1, 'KDZ', 1),
(19, 'Laghman', 1, 'LAG', 1),
(20, 'Lowgar', 1, 'LOW', 1),
(21, 'Nangrahar', 1, 'NAN', 1),
(22, 'Nimruz', 1, 'NIM', 1),
(23, 'Nurestan', 1, 'NUR', 1),
(24, 'Oruzgan', 1, 'ORU', 1),
(25, 'Paktia', 1, 'PIA', 1),
(26, 'Paktika', 1, 'PKA', 1),
(27, 'Parwan', 1, 'PAR', 1),
(28, 'Samangan', 1, 'SAM', 1),
(29, 'Sar-e Pol', 1, 'SAR', 1),
(30, 'Takhar', 1, 'TAK', 1),
(31, 'Wardak', 1, 'WAR', 1),
(32, 'Zabol', 1, 'ZAB', 1),
(33, 'Berat', 2, 'BR', 1),
(34, 'Bulqize', 2, 'BU', 1),
(35, 'Delvine', 2, 'DL', 1),
(36, 'Devoll', 2, 'DV', 1),
(37, 'Diber', 2, 'DI', 1),
(38, 'Durres', 2, 'DR', 1),
(39, 'Elbasan', 2, 'EL', 1),
(40, 'Kolonje', 2, 'ER', 1),
(41, 'Fier', 2, 'FR', 1),
(42, 'Gjirokaster', 2, 'GJ', 1),
(43, 'Gramsh', 2, 'GR', 1),
(44, 'Has', 2, 'HA', 1),
(45, 'Kavaje', 2, 'KA', 1),
(46, 'Kurbin', 2, 'KB', 1),
(47, 'Kucove', 2, 'KC', 1),
(48, 'Korce', 2, 'KO', 1),
(49, 'Kruje', 2, 'KR', 1),
(50, 'Kukes', 2, 'KU', 1),
(51, 'Librazhd', 2, 'LB', 1),
(52, 'Lezhe', 2, 'LE', 1),
(53, 'Lushnje', 2, 'LU', 1),
(54, 'Malesi e Madhe', 2, 'MM', 1),
(55, 'Mallakaster', 2, 'MK', 1),
(56, 'Mat', 2, 'MT', 1),
(57, 'Mirdite', 2, 'MR', 1),
(58, 'Peqin', 2, 'PQ', 1),
(59, 'Permet', 2, 'PR', 1),
(60, 'Pogradec', 2, 'PG', 1),
(61, 'Puke', 2, 'PU', 1),
(62, 'Shkoder', 2, 'SH', 1),
(63, 'Skrapar', 2, 'SK', 1),
(64, 'Sarande', 2, 'SR', 1),
(65, 'Tepelene', 2, 'TE', 1),
(66, 'Tropoje', 2, 'TP', 1),
(67, 'Tirane', 2, 'TR', 1),
(68, 'Vlore', 2, 'VL', 1),
(69, 'Adrar', 3, 'ADR', 1),
(70, 'Ain Defla', 3, 'ADE', 1),
(71, 'Ain Temouchent', 3, 'ATE', 1),
(72, 'Alger', 3, 'ALG', 1),
(73, 'Annaba', 3, 'ANN', 1),
(74, 'Batna', 3, 'BAT', 1),
(75, 'Bechar', 3, 'BEC', 1),
(76, 'Bejaia', 3, 'BEJ', 1),
(77, 'Biskra', 3, 'BIS', 1),
(78, 'Blida', 3, 'BLI', 1),
(79, 'Bordj Bou Arreridj', 3, 'BBA', 1),
(80, 'Bouira', 3, 'BOA', 1),
(81, 'Boumerdes', 3, 'BMD', 1),
(82, 'Chlef', 3, 'CHL', 1),
(83, 'Constantine', 3, 'CON', 1),
(84, 'Djelfa', 3, 'DJE', 1),
(85, 'El Bayadh', 3, 'EBA', 1),
(86, 'El Oued', 3, 'EOU', 1),
(87, 'El Tarf', 3, 'ETA', 1),
(88, 'Ghardaia', 3, 'GHA', 1),
(89, 'Guelma', 3, 'GUE', 1),
(90, 'Illizi', 3, 'ILL', 1),
(91, 'Jijel', 3, 'JIJ', 1),
(92, 'Khenchela', 3, 'KHE', 1),
(93, 'Laghouat', 3, 'LAG', 1),
(94, 'Muaskar', 3, 'MUA', 1),
(95, 'Medea', 3, 'MED', 1),
(96, 'Mila', 3, 'MIL', 1),
(97, 'Mostaganem', 3, 'MOS', 1),
(98, 'M\'Sila', 3, 'MSI', 1),
(99, 'Naama', 3, 'NAA', 1),
(100, 'Oran', 3, 'ORA', 1),
(101, 'Ouargla', 3, 'OUA', 1),
(102, 'Oum el-Bouaghi', 3, 'OEB', 1),
(103, 'Relizane', 3, 'REL', 1),
(104, 'Saida', 3, 'SAI', 1),
(105, 'Setif', 3, 'SET', 1),
(106, 'Sidi Bel Abbes', 3, 'SBA', 1),
(107, 'Skikda', 3, 'SKI', 1),
(108, 'Souk Ahras', 3, 'SAH', 1),
(109, 'Tamanghasset', 3, 'TAM', 1),
(110, 'Tebessa', 3, 'TEB', 1),
(111, 'Tiaret', 3, 'TIA', 1),
(112, 'Tindouf', 3, 'TIN', 1),
(113, 'Tipaza', 3, 'TIP', 1),
(114, 'Tissemsilt', 3, 'TIS', 1),
(115, 'Tizi Ouzou', 3, 'TOU', 1),
(116, 'Tlemcen', 3, 'TLE', 1),
(117, 'Eastern', 4, 'E', 1),
(118, 'Manu\'a', 4, 'M', 1),
(119, 'Rose Island', 4, 'R', 1),
(120, 'Swains Island', 4, 'S', 1),
(121, 'Western', 4, 'W', 1),
(122, 'Andorra la Vella', 5, 'ALV', 1),
(123, 'Canillo', 5, 'CAN', 1),
(124, 'Encamp', 5, 'ENC', 1),
(125, 'Escaldes-Engordany', 5, 'ESE', 1),
(126, 'La Massana', 5, 'LMA', 1),
(127, 'Ordino', 5, 'ORD', 1),
(128, 'Sant Julia de Loria', 5, 'SJL', 1),
(129, 'Bengo', 6, 'BGO', 1),
(130, 'Benguela', 6, 'BGU', 1),
(131, 'Bie', 6, 'BIE', 1),
(132, 'Cabinda', 6, 'CAB', 1),
(133, 'Cuando-Cubango', 6, 'CCU', 1),
(134, 'Cuanza Norte', 6, 'CNO', 1),
(135, 'Cuanza Sul', 6, 'CUS', 1),
(136, 'Cunene', 6, 'CNN', 1),
(137, 'Huambo', 6, 'HUA', 1),
(138, 'Huila', 6, 'HUI', 1),
(139, 'Luanda', 6, 'LUA', 1),
(140, 'Lunda Norte', 6, 'LNO', 1),
(141, 'Lunda Sul', 6, 'LSU', 1),
(142, 'Malange', 6, 'MAL', 1),
(143, 'Moxico', 6, 'MOX', 1),
(144, 'Namibe', 6, 'NAM', 1),
(145, 'Uige', 6, 'UIG', 1),
(146, 'Zaire', 6, 'ZAI', 1),
(147, 'Saint George', 9, 'ASG', 1),
(148, 'Saint John', 9, 'ASJ', 1),
(149, 'Saint Mary', 9, 'ASM', 1),
(150, 'Saint Paul', 9, 'ASL', 1),
(151, 'Saint Peter', 9, 'ASR', 1),
(152, 'Saint Philip', 9, 'ASH', 1),
(153, 'Barbuda', 9, 'BAR', 1),
(154, 'Redonda', 9, 'RED', 1),
(155, 'Antartida e Islas del Atlantico', 10, 'AN', 1),
(156, 'Buenos Aires', 10, 'BA', 1),
(157, 'Catamarca', 10, 'CA', 1),
(158, 'Chaco', 10, 'CH', 1),
(159, 'Chubut', 10, 'CU', 1),
(160, 'Cordoba', 10, 'CO', 1),
(161, 'Corrientes', 10, 'CR', 1),
(162, 'Distrito Federal', 10, 'DF', 1),
(163, 'Entre Rios', 10, 'ER', 1),
(164, 'Formosa', 10, 'FO', 1),
(165, 'Jujuy', 10, 'JU', 1),
(166, 'La Pampa', 10, 'LP', 1),
(167, 'La Rioja', 10, 'LR', 1),
(168, 'Mendoza', 10, 'ME', 1),
(169, 'Misiones', 10, 'MI', 1),
(170, 'Neuquen', 10, 'NE', 1),
(171, 'Rio Negro', 10, 'RN', 1),
(172, 'Salta', 10, 'SA', 1),
(173, 'San Juan', 10, 'SJ', 1),
(174, 'San Luis', 10, 'SL', 1),
(175, 'Santa Cruz', 10, 'SC', 1),
(176, 'Santa Fe', 10, 'SF', 1),
(177, 'Santiago del Estero', 10, 'SD', 1),
(178, 'Tierra del Fuego', 10, 'TF', 1),
(179, 'Tucuman', 10, 'TU', 1),
(180, 'Aragatsotn', 11, 'AGT', 1),
(181, 'Ararat', 11, 'ARR', 1),
(182, 'Armavir', 11, 'ARM', 1),
(183, 'Geghark\'unik\'', 11, 'GEG', 1),
(184, 'Kotayk\'', 11, 'KOT', 1),
(185, 'Lorri', 11, 'LOR', 1),
(186, 'Shirak', 11, 'SHI', 1),
(187, 'Syunik\'', 11, 'SYU', 1),
(188, 'Tavush', 11, 'TAV', 1),
(189, 'Vayots\' Dzor', 11, 'VAY', 1),
(190, 'Yerevan', 11, 'YER', 1),
(191, 'Australian Capital Territory', 13, 'ACT', 1),
(192, 'New South Wales', 13, 'NSW', 1),
(193, 'Northern Territory', 13, 'NT', 1),
(194, 'Queensland', 13, 'QLD', 1),
(195, 'South Australia', 13, 'SA', 1),
(196, 'Tasmania', 13, 'TAS', 1),
(197, 'Victoria', 13, 'VIC', 1),
(198, 'Western Australia', 13, 'WA', 1),
(199, 'Burgenland', 14, 'BUR', 1),
(200, 'Kärnten', 14, 'KAR', 1),
(201, 'Niederösterreich', 14, 'NOS', 1),
(202, 'Oberösterreich', 14, 'OOS', 1),
(203, 'Salzburg', 14, 'SAL', 1),
(204, 'Steiermark', 14, 'STE', 1),
(205, 'Tirol', 14, 'TIR', 1),
(206, 'Vorarlberg', 14, 'VOR', 1),
(207, 'Wien', 14, 'WIE', 1),
(208, 'Ali Bayramli', 15, 'AB', 1),
(209, 'Abseron', 15, 'ABS', 1),
(210, 'AgcabAdi', 15, 'AGC', 1),
(211, 'Agdam', 15, 'AGM', 1),
(212, 'Agdas', 15, 'AGS', 1),
(213, 'Agstafa', 15, 'AGA', 1),
(214, 'Agsu', 15, 'AGU', 1),
(215, 'Astara', 15, 'AST', 1),
(216, 'Baki', 15, 'BA', 1),
(217, 'BabAk', 15, 'BAB', 1),
(218, 'BalakAn', 15, 'BAL', 1),
(219, 'BArdA', 15, 'BAR', 1),
(220, 'Beylaqan', 15, 'BEY', 1),
(221, 'Bilasuvar', 15, 'BIL', 1),
(222, 'Cabrayil', 15, 'CAB', 1),
(223, 'Calilabab', 15, 'CAL', 1),
(224, 'Culfa', 15, 'CUL', 1),
(225, 'Daskasan', 15, 'DAS', 1),
(226, 'Davaci', 15, 'DAV', 1),
(227, 'Fuzuli', 15, 'FUZ', 1),
(228, 'Ganca', 15, 'GA', 1),
(229, 'Gadabay', 15, 'GAD', 1),
(230, 'Goranboy', 15, 'GOR', 1),
(231, 'Goycay', 15, 'GOY', 1),
(232, 'Haciqabul', 15, 'HAC', 1),
(233, 'Imisli', 15, 'IMI', 1),
(234, 'Ismayilli', 15, 'ISM', 1),
(235, 'Kalbacar', 15, 'KAL', 1),
(236, 'Kurdamir', 15, 'KUR', 1),
(237, 'Lankaran', 15, 'LA', 1),
(238, 'Lacin', 15, 'LAC', 1),
(239, 'Lankaran', 15, 'LAN', 1),
(240, 'Lerik', 15, 'LER', 1),
(241, 'Masalli', 15, 'MAS', 1),
(242, 'Mingacevir', 15, 'MI', 1),
(243, 'Naftalan', 15, 'NA', 1),
(244, 'Neftcala', 15, 'NEF', 1),
(245, 'Oguz', 15, 'OGU', 1),
(246, 'Ordubad', 15, 'ORD', 1),
(247, 'Qabala', 15, 'QAB', 1),
(248, 'Qax', 15, 'QAX', 1),
(249, 'Qazax', 15, 'QAZ', 1),
(250, 'Qobustan', 15, 'QOB', 1),
(251, 'Quba', 15, 'QBA', 1),
(252, 'Qubadli', 15, 'QBI', 1),
(253, 'Qusar', 15, 'QUS', 1),
(254, 'Saki', 15, 'SA', 1),
(255, 'Saatli', 15, 'SAT', 1),
(256, 'Sabirabad', 15, 'SAB', 1),
(257, 'Sadarak', 15, 'SAD', 1),
(258, 'Sahbuz', 15, 'SAH', 1),
(259, 'Saki', 15, 'SAK', 1),
(260, 'Salyan', 15, 'SAL', 1),
(261, 'Sumqayit', 15, 'SM', 1),
(262, 'Samaxi', 15, 'SMI', 1),
(263, 'Samkir', 15, 'SKR', 1),
(264, 'Samux', 15, 'SMX', 1),
(265, 'Sarur', 15, 'SAR', 1),
(266, 'Siyazan', 15, 'SIY', 1),
(267, 'Susa', 15, 'SS', 1),
(268, 'Susa', 15, 'SUS', 1),
(269, 'Tartar', 15, 'TAR', 1),
(270, 'Tovuz', 15, 'TOV', 1),
(271, 'Ucar', 15, 'UCA', 1),
(272, 'Xankandi', 15, 'XA', 1),
(273, 'Xacmaz', 15, 'XAC', 1),
(274, 'Xanlar', 15, 'XAN', 1),
(275, 'Xizi', 15, 'XIZ', 1),
(276, 'Xocali', 15, 'XCI', 1),
(277, 'Xocavand', 15, 'XVD', 1),
(278, 'Yardimli', 15, 'YAR', 1),
(279, 'Yevlax', 15, 'YEV', 1),
(280, 'Zangilan', 15, 'ZAN', 1),
(281, 'Zaqatala', 15, 'ZAQ', 1),
(282, 'Zardab', 15, 'ZAR', 1),
(283, 'Naxcivan', 15, 'NX', 1),
(284, 'Acklins', 16, 'ACK', 1),
(285, 'Berry Islands', 16, 'BER', 1),
(286, 'Bimini', 16, 'BIM', 1),
(287, 'Black Point', 16, 'BLK', 1),
(288, 'Cat Island', 16, 'CAT', 1),
(289, 'Central Abaco', 16, 'CAB', 1),
(290, 'Central Andros', 16, 'CAN', 1),
(291, 'Central Eleuthera', 16, 'CEL', 1),
(292, 'City of Freeport', 16, 'FRE', 1),
(293, 'Crooked Island', 16, 'CRO', 1),
(294, 'East Grand Bahama', 16, 'EGB', 1),
(295, 'Exuma', 16, 'EXU', 1),
(296, 'Grand Cay', 16, 'GRD', 1),
(297, 'Harbour Island', 16, 'HAR', 1),
(298, 'Hope Town', 16, 'HOP', 1),
(299, 'Inagua', 16, 'INA', 1),
(300, 'Long Island', 16, 'LNG', 1),
(301, 'Mangrove Cay', 16, 'MAN', 1),
(302, 'Mayaguana', 16, 'MAY', 1),
(303, 'Moore\'s Island', 16, 'MOO', 1),
(304, 'North Abaco', 16, 'NAB', 1),
(305, 'North Andros', 16, 'NAN', 1),
(306, 'North Eleuthera', 16, 'NEL', 1),
(307, 'Ragged Island', 16, 'RAG', 1),
(308, 'Rum Cay', 16, 'RUM', 1),
(309, 'San Salvador', 16, 'SAL', 1),
(310, 'South Abaco', 16, 'SAB', 1),
(311, 'South Andros', 16, 'SAN', 1),
(312, 'South Eleuthera', 16, 'SEL', 1),
(313, 'Spanish Wells', 16, 'SWE', 1),
(314, 'West Grand Bahama', 16, 'WGB', 1),
(315, 'Capital', 17, 'CAP', 1),
(316, 'Central', 17, 'CEN', 1),
(317, 'Muharraq', 17, 'MUH', 1),
(318, 'Northern', 17, 'NOR', 1),
(319, 'Southern', 17, 'SOU', 1),
(320, 'Barisal', 18, 'BAR', 1),
(321, 'Chittagong', 18, 'CHI', 1),
(322, 'Dhaka', 18, 'DHA', 1),
(323, 'Khulna', 18, 'KHU', 1),
(324, 'Rajshahi', 18, 'RAJ', 1),
(325, 'Sylhet', 18, 'SYL', 1),
(326, 'Christ Church', 19, 'CC', 1),
(327, 'Saint Andrew', 19, 'AND', 1),
(328, 'Saint George', 19, 'GEO', 1),
(329, 'Saint James', 19, 'JAM', 1),
(330, 'Saint John', 19, 'JOH', 1),
(331, 'Saint Joseph', 19, 'JOS', 1),
(332, 'Saint Lucy', 19, 'LUC', 1),
(333, 'Saint Michael', 19, 'MIC', 1),
(334, 'Saint Peter', 19, 'PET', 1),
(335, 'Saint Philip', 19, 'PHI', 1),
(336, 'Saint Thomas', 19, 'THO', 1),
(337, 'Brestskaya (Brest)', 20, 'BR', 1),
(338, 'Homyel\'skaya (Homyel\')', 20, 'HO', 1),
(339, 'Horad Minsk', 20, 'HM', 1),
(340, 'Hrodzyenskaya (Hrodna)', 20, 'HR', 1),
(341, 'Mahilyowskaya (Mahilyow)', 20, 'MA', 1),
(342, 'Minskaya', 20, 'MI', 1),
(343, 'Vitsyebskaya (Vitsyebsk)', 20, 'VI', 1),
(344, 'Antwerpen', 21, 'VAN', 1),
(345, 'Brabant Wallon', 21, 'WBR', 1),
(346, 'Hainaut', 21, 'WHT', 1),
(347, 'Liège', 21, 'WLG', 1),
(348, 'Limburg', 21, 'VLI', 1),
(349, 'Luxembourg', 21, 'WLX', 1),
(350, 'Namur', 21, 'WNA', 1),
(351, 'Oost-Vlaanderen', 21, 'VOV', 1),
(352, 'Vlaams Brabant', 21, 'VBR', 1),
(353, 'West-Vlaanderen', 21, 'VWV', 1),
(354, 'Belize', 22, 'BZ', 1),
(355, 'Cayo', 22, 'CY', 1),
(356, 'Corozal', 22, 'CR', 1),
(357, 'Orange Walk', 22, 'OW', 1),
(358, 'Stann Creek', 22, 'SC', 1),
(359, 'Toledo', 22, 'TO', 1),
(360, 'Alibori', 23, 'AL', 1),
(361, 'Atakora', 23, 'AK', 1),
(362, 'Atlantique', 23, 'AQ', 1),
(363, 'Borgou', 23, 'BO', 1),
(364, 'Collines', 23, 'CO', 1),
(365, 'Donga', 23, 'DO', 1),
(366, 'Kouffo', 23, 'KO', 1),
(367, 'Littoral', 23, 'LI', 1),
(368, 'Mono', 23, 'MO', 1),
(369, 'Oueme', 23, 'OU', 1),
(370, 'Plateau', 23, 'PL', 1),
(371, 'Zou', 23, 'ZO', 1),
(372, 'Devonshire', 24, 'DS', 1),
(373, 'Hamilton City', 24, 'HC', 1),
(374, 'Hamilton', 24, 'HA', 1),
(375, 'Paget', 24, 'PG', 1),
(376, 'Pembroke', 24, 'PB', 1),
(377, 'Saint George City', 24, 'GC', 1),
(378, 'Saint George\'s', 24, 'SG', 1),
(379, 'Sandys', 24, 'SA', 1),
(380, 'Smith\'s', 24, 'SM', 1),
(381, 'Southampton', 24, 'SH', 1),
(382, 'Warwick', 24, 'WA', 1),
(383, 'Bumthang', 25, 'BUM', 1),
(384, 'Chukha', 25, 'CHU', 1),
(385, 'Dagana', 25, 'DAG', 1),
(386, 'Gasa', 25, 'GAS', 1),
(387, 'Haa', 25, 'HAA', 1),
(388, 'Lhuntse', 25, 'LHU', 1),
(389, 'Mongar', 25, 'MON', 1),
(390, 'Paro', 25, 'PAR', 1),
(391, 'Pemagatshel', 25, 'PEM', 1),
(392, 'Punakha', 25, 'PUN', 1),
(393, 'Samdrup Jongkhar', 25, 'SJO', 1),
(394, 'Samtse', 25, 'SAT', 1),
(395, 'Sarpang', 25, 'SAR', 1),
(396, 'Thimphu', 25, 'THI', 1),
(397, 'Trashigang', 25, 'TRG', 1),
(398, 'Trashiyangste', 25, 'TRY', 1),
(399, 'Trongsa', 25, 'TRO', 1),
(400, 'Tsirang', 25, 'TSI', 1),
(401, 'Wangdue Phodrang', 25, 'WPH', 1),
(402, 'Zhemgang', 25, 'ZHE', 1),
(403, 'Beni', 26, 'BEN', 1),
(404, 'Chuquisaca', 26, 'CHU', 1),
(405, 'Cochabamba', 26, 'COC', 1),
(406, 'La Paz', 26, 'LPZ', 1),
(407, 'Oruro', 26, 'ORU', 1),
(408, 'Pando', 26, 'PAN', 1),
(409, 'Potosi', 26, 'POT', 1),
(410, 'Santa Cruz', 26, 'SCZ', 1),
(411, 'Tarija', 26, 'TAR', 1),
(412, 'Brcko district', 27, 'BRO', 1),
(413, 'Unsko-Sanski Kanton', 27, 'FUS', 1),
(414, 'Posavski Kanton', 27, 'FPO', 1),
(415, 'Tuzlanski Kanton', 27, 'FTU', 1),
(416, 'Zenicko-Dobojski Kanton', 27, 'FZE', 1),
(417, 'Bosanskopodrinjski Kanton', 27, 'FBP', 1),
(418, 'Srednjebosanski Kanton', 27, 'FSB', 1),
(419, 'Hercegovacko-neretvanski Kanton', 27, 'FHN', 1),
(420, 'Zapadnohercegovacka Zupanija', 27, 'FZH', 1),
(421, 'Kanton Sarajevo', 27, 'FSA', 1),
(422, 'Zapadnobosanska', 27, 'FZA', 1),
(423, 'Banja Luka', 27, 'SBL', 1),
(424, 'Doboj', 27, 'SDO', 1),
(425, 'Bijeljina', 27, 'SBI', 1),
(426, 'Vlasenica', 27, 'SVL', 1),
(427, 'Sarajevo-Romanija or Sokolac', 27, 'SSR', 1),
(428, 'Foca', 27, 'SFO', 1),
(429, 'Trebinje', 27, 'STR', 1),
(430, 'Central', 28, 'CE', 1),
(431, 'Ghanzi', 28, 'GH', 1),
(432, 'Kgalagadi', 28, 'KD', 1),
(433, 'Kgatleng', 28, 'KT', 1),
(434, 'Kweneng', 28, 'KW', 1),
(435, 'Ngamiland', 28, 'NG', 1),
(436, 'North East', 28, 'NE', 1),
(437, 'North West', 28, 'NW', 1),
(438, 'South East', 28, 'SE', 1),
(439, 'Southern', 28, 'SO', 1),
(440, 'Acre', 30, 'AC', 1),
(441, 'Alagoas', 30, 'AL', 1),
(442, 'Amapá', 30, 'AP', 1),
(443, 'Amazonas', 30, 'AM', 1),
(444, 'Bahia', 30, 'BA', 1),
(445, 'Ceará', 30, 'CE', 1),
(446, 'Distrito Federal', 30, 'DF', 1),
(447, 'Espírito Santo', 30, 'ES', 1),
(448, 'Goiás', 30, 'GO', 1),
(449, 'Maranhão', 30, 'MA', 1),
(450, 'Mato Grosso', 30, 'MT', 1),
(451, 'Mato Grosso do Sul', 30, 'MS', 1),
(452, 'Minas Gerais', 30, 'MG', 1),
(453, 'Pará', 30, 'PA', 1),
(454, 'Paraíba', 30, 'PB', 1),
(455, 'Paraná', 30, 'PR', 1),
(456, 'Pernambuco', 30, 'PE', 1),
(457, 'Piauí', 30, 'PI', 1),
(458, 'Rio de Janeiro', 30, 'RJ', 1),
(459, 'Rio Grande do Norte', 30, 'RN', 1),
(460, 'Rio Grande do Sul', 30, 'RS', 1),
(461, 'Rondônia', 30, 'RO', 1),
(462, 'Roraima', 30, 'RR', 1),
(463, 'Santa Catarina', 30, 'SC', 1),
(464, 'São Paulo', 30, 'SP', 1),
(465, 'Sergipe', 30, 'SE', 1),
(466, 'Tocantins', 30, 'TO', 1),
(467, 'Peros Banhos', 31, 'PB', 1),
(468, 'Salomon Islands', 31, 'SI', 1),
(469, 'Nelsons Island', 31, 'NI', 1),
(470, 'Three Brothers', 31, 'TB', 1),
(471, 'Eagle Islands', 31, 'EA', 1),
(472, 'Danger Island', 31, 'DI', 1),
(473, 'Egmont Islands', 31, 'EG', 1),
(474, 'Diego Garcia', 31, 'DG', 1),
(475, 'Belait', 32, 'BEL', 1),
(476, 'Brunei and Muara', 32, 'BRM', 1),
(477, 'Temburong', 32, 'TEM', 1),
(478, 'Tutong', 32, 'TUT', 1),
(479, 'Blagoevgrad', 33, '', 1),
(480, 'Burgas', 33, '', 1),
(481, 'Dobrich', 33, '', 1),
(482, 'Gabrovo', 33, '', 1),
(483, 'Haskovo', 33, '', 1),
(484, 'Kardjali', 33, '', 1),
(485, 'Kyustendil', 33, '', 1),
(486, 'Lovech', 33, '', 1),
(487, 'Montana', 33, '', 1),
(488, 'Pazardjik', 33, '', 1),
(489, 'Pernik', 33, '', 1),
(490, 'Pleven', 33, '', 1),
(491, 'Plovdiv', 33, '', 1),
(492, 'Razgrad', 33, '', 1),
(493, 'Shumen', 33, '', 1),
(494, 'Silistra', 33, '', 1),
(495, 'Sliven', 33, '', 1),
(496, 'Smolyan', 33, '', 1),
(497, 'Sofia', 33, '', 1),
(498, 'Sofia - town', 33, '', 1),
(499, 'Stara Zagora', 33, '', 1),
(500, 'Targovishte', 33, '', 1),
(501, 'Varna', 33, '', 1),
(502, 'Veliko Tarnovo', 33, '', 1),
(503, 'Vidin', 33, '', 1),
(504, 'Vratza', 33, '', 1),
(505, 'Yambol', 33, '', 1),
(506, 'Bale', 34, 'BAL', 1),
(507, 'Bam', 34, 'BAM', 1),
(508, 'Banwa', 34, 'BAN', 1),
(509, 'Bazega', 34, 'BAZ', 1),
(510, 'Bougouriba', 34, 'BOR', 1),
(511, 'Boulgou', 34, 'BLG', 1),
(512, 'Boulkiemde', 34, 'BOK', 1),
(513, 'Comoe', 34, 'COM', 1),
(514, 'Ganzourgou', 34, 'GAN', 1),
(515, 'Gnagna', 34, 'GNA', 1),
(516, 'Gourma', 34, 'GOU', 1),
(517, 'Houet', 34, 'HOU', 1),
(518, 'Ioba', 34, 'IOA', 1),
(519, 'Kadiogo', 34, 'KAD', 1),
(520, 'Kenedougou', 34, 'KEN', 1),
(521, 'Komondjari', 34, 'KOD', 1),
(522, 'Kompienga', 34, 'KOP', 1),
(523, 'Kossi', 34, 'KOS', 1),
(524, 'Koulpelogo', 34, 'KOL', 1),
(525, 'Kouritenga', 34, 'KOT', 1),
(526, 'Kourweogo', 34, 'KOW', 1),
(527, 'Leraba', 34, 'LER', 1),
(528, 'Loroum', 34, 'LOR', 1),
(529, 'Mouhoun', 34, 'MOU', 1),
(530, 'Nahouri', 34, 'NAH', 1),
(531, 'Namentenga', 34, 'NAM', 1),
(532, 'Nayala', 34, 'NAY', 1),
(533, 'Noumbiel', 34, 'NOU', 1),
(534, 'Oubritenga', 34, 'OUB', 1),
(535, 'Oudalan', 34, 'OUD', 1),
(536, 'Passore', 34, 'PAS', 1),
(537, 'Poni', 34, 'PON', 1),
(538, 'Sanguie', 34, 'SAG', 1),
(539, 'Sanmatenga', 34, 'SAM', 1),
(540, 'Seno', 34, 'SEN', 1),
(541, 'Sissili', 34, 'SIS', 1),
(542, 'Soum', 34, 'SOM', 1),
(543, 'Sourou', 34, 'SOR', 1),
(544, 'Tapoa', 34, 'TAP', 1),
(545, 'Tuy', 34, 'TUY', 1),
(546, 'Yagha', 34, 'YAG', 1),
(547, 'Yatenga', 34, 'YAT', 1),
(548, 'Ziro', 34, 'ZIR', 1),
(549, 'Zondoma', 34, 'ZOD', 1),
(550, 'Zoundweogo', 34, 'ZOW', 1),
(551, 'Bubanza', 35, 'BB', 1),
(552, 'Bujumbura', 35, 'BJ', 1),
(553, 'Bururi', 35, 'BR', 1),
(554, 'Cankuzo', 35, 'CA', 1),
(555, 'Cibitoke', 35, 'CI', 1),
(556, 'Gitega', 35, 'GI', 1),
(557, 'Karuzi', 35, 'KR', 1),
(558, 'Kayanza', 35, 'KY', 1),
(559, 'Kirundo', 35, 'KI', 1),
(560, 'Makamba', 35, 'MA', 1),
(561, 'Muramvya', 35, 'MU', 1),
(562, 'Muyinga', 35, 'MY', 1),
(563, 'Mwaro', 35, 'MW', 1),
(564, 'Ngozi', 35, 'NG', 1),
(565, 'Rutana', 35, 'RT', 1),
(566, 'Ruyigi', 35, 'RY', 1),
(567, 'Phnom Penh', 36, 'PP', 1),
(568, 'Preah Seihanu (Kompong Som or Sihanoukville)', 36, 'PS', 1),
(569, 'Pailin', 36, 'PA', 1),
(570, 'Keb', 36, 'KB', 1),
(571, 'Banteay Meanchey', 36, 'BM', 1),
(572, 'Battambang', 36, 'BA', 1),
(573, 'Kampong Cham', 36, 'KM', 1),
(574, 'Kampong Chhnang', 36, 'KN', 1),
(575, 'Kampong Speu', 36, 'KU', 1),
(576, 'Kampong Som', 36, 'KO', 1),
(577, 'Kampong Thom', 36, 'KT', 1),
(578, 'Kampot', 36, 'KP', 1),
(579, 'Kandal', 36, 'KL', 1),
(580, 'Kaoh Kong', 36, 'KK', 1),
(581, 'Kratie', 36, 'KR', 1),
(582, 'Mondul Kiri', 36, 'MK', 1),
(583, 'Oddar Meancheay', 36, 'OM', 1),
(584, 'Pursat', 36, 'PU', 1),
(585, 'Preah Vihear', 36, 'PR', 1),
(586, 'Prey Veng', 36, 'PG', 1),
(587, 'Ratanak Kiri', 36, 'RK', 1),
(588, 'Siemreap', 36, 'SI', 1),
(589, 'Stung Treng', 36, 'ST', 1),
(590, 'Svay Rieng', 36, 'SR', 1),
(591, 'Takeo', 36, 'TK', 1),
(592, 'Adamawa (Adamaoua)', 37, 'ADA', 1),
(593, 'Centre', 37, 'CEN', 1),
(594, 'East (Est)', 37, 'EST', 1),
(595, 'Extreme North (Extreme-Nord)', 37, 'EXN', 1),
(596, 'Littoral', 37, 'LIT', 1),
(597, 'North (Nord)', 37, 'NOR', 1),
(598, 'Northwest (Nord-Ouest)', 37, 'NOT', 1),
(599, 'West (Ouest)', 37, 'OUE', 1),
(600, 'South (Sud)', 37, 'SUD', 1),
(601, 'Southwest (Sud-Ouest).', 37, 'SOU', 1),
(602, 'Alberta', 38, 'AB', 1),
(603, 'British Columbia', 38, 'BC', 1),
(604, 'Manitoba', 38, 'MB', 1),
(605, 'New Brunswick', 38, 'NB', 1),
(606, 'Newfoundland and Labrador', 38, 'NL', 1),
(607, 'Northwest Territories', 38, 'NT', 1),
(608, 'Nova Scotia', 38, 'NS', 1),
(609, 'Nunavut', 38, 'NU', 1),
(610, 'Ontario', 38, 'ON', 1),
(611, 'Prince Edward Island', 38, 'PE', 1),
(612, 'Qu&eacute;bec', 38, 'QC', 1),
(613, 'Saskatchewan', 38, 'SK', 1),
(614, 'Yukon Territory', 38, 'YT', 1),
(615, 'Boa Vista', 39, 'BV', 1),
(616, 'Brava', 39, 'BR', 1),
(617, 'Calheta de Sao Miguel', 39, 'CS', 1),
(618, 'Maio', 39, 'MA', 1),
(619, 'Mosteiros', 39, 'MO', 1),
(620, 'Paul', 39, 'PA', 1),
(621, 'Porto Novo', 39, 'PN', 1),
(622, 'Praia', 39, 'PR', 1),
(623, 'Ribeira Grande', 39, 'RG', 1),
(624, 'Sal', 39, 'SL', 1),
(625, 'Santa Catarina', 39, 'CA', 1),
(626, 'Santa Cruz', 39, 'CR', 1),
(627, 'Sao Domingos', 39, 'SD', 1),
(628, 'Sao Filipe', 39, 'SF', 1),
(629, 'Sao Nicolau', 39, 'SN', 1),
(630, 'Sao Vicente', 39, 'SV', 1),
(631, 'Tarrafal', 39, 'TA', 1),
(632, 'Creek', 40, 'CR', 1),
(633, 'Eastern', 40, 'EA', 1),
(634, 'Midland', 40, 'ML', 1),
(635, 'South Town', 40, 'ST', 1),
(636, 'Spot Bay', 40, 'SP', 1),
(637, 'Stake Bay', 40, 'SK', 1),
(638, 'West End', 40, 'WD', 1),
(639, 'Western', 40, 'WN', 1),
(640, 'Bamingui-Bangoran', 41, 'BBA', 1),
(641, 'Basse-Kotto', 41, 'BKO', 1),
(642, 'Haute-Kotto', 41, 'HKO', 1),
(643, 'Haut-Mbomou', 41, 'HMB', 1),
(644, 'Kemo', 41, 'KEM', 1),
(645, 'Lobaye', 41, 'LOB', 1),
(646, 'Mambere-KadeÔ', 41, 'MKD', 1),
(647, 'Mbomou', 41, 'MBO', 1),
(648, 'Nana-Mambere', 41, 'NMM', 1),
(649, 'Ombella-M\'Poko', 41, 'OMP', 1),
(650, 'Ouaka', 41, 'OUK', 1),
(651, 'Ouham', 41, 'OUH', 1),
(652, 'Ouham-Pende', 41, 'OPE', 1),
(653, 'Vakaga', 41, 'VAK', 1),
(654, 'Nana-Grebizi', 41, 'NGR', 1),
(655, 'Sangha-Mbaere', 41, 'SMB', 1),
(656, 'Bangui', 41, 'BAN', 1),
(657, 'Batha', 42, 'BA', 1),
(658, 'Biltine', 42, 'BI', 1),
(659, 'Borkou-Ennedi-Tibesti', 42, 'BE', 1),
(660, 'Chari-Baguirmi', 42, 'CB', 1),
(661, 'Guera', 42, 'GU', 1),
(662, 'Kanem', 42, 'KA', 1),
(663, 'Lac', 42, 'LA', 1),
(664, 'Logone Occidental', 42, 'LC', 1),
(665, 'Logone Oriental', 42, 'LR', 1),
(666, 'Mayo-Kebbi', 42, 'MK', 1),
(667, 'Moyen-Chari', 42, 'MC', 1),
(668, 'Ouaddai', 42, 'OU', 1),
(669, 'Salamat', 42, 'SA', 1),
(670, 'Tandjile', 42, 'TA', 1),
(671, 'Aisen del General Carlos Ibanez', 43, 'AI', 1),
(672, 'Antofagasta', 43, 'AN', 1),
(673, 'Araucania', 43, 'AR', 1),
(674, 'Atacama', 43, 'AT', 1),
(675, 'Bio-Bio', 43, 'BI', 1),
(676, 'Coquimbo', 43, 'CO', 1),
(677, 'Libertador General Bernardo O\'Higgins', 43, 'LI', 1),
(678, 'Los Lagos', 43, 'LL', 1),
(679, 'Magallanes y de la Antartica Chilena', 43, 'MA', 1),
(680, 'Maule', 43, 'ML', 1),
(681, 'Region Metropolitana', 43, 'RM', 1),
(682, 'Tarapaca', 43, 'TA', 1),
(683, 'Valparaiso', 43, 'VS', 1),
(684, 'Anhui', 44, 'AN', 1),
(685, 'Beijing', 44, 'BE', 1),
(686, 'Chongqing', 44, 'CH', 1),
(687, 'Fujian', 44, 'FU', 1),
(688, 'Gansu', 44, 'GA', 1),
(689, 'Guangdong', 44, 'GU', 1),
(690, 'Guangxi', 44, 'GX', 1),
(691, 'Guizhou', 44, 'GZ', 1),
(692, 'Hainan', 44, 'HA', 1),
(693, 'Hebei', 44, 'HB', 1),
(694, 'Heilongjiang', 44, 'HL', 1),
(695, 'Henan', 44, 'HE', 1),
(696, 'Hong Kong', 44, 'HK', 1),
(697, 'Hubei', 44, 'HU', 1),
(698, 'Hunan', 44, 'HN', 1),
(699, 'Inner Mongolia', 44, 'IM', 1),
(700, 'Jiangsu', 44, 'JI', 1),
(701, 'Jiangxi', 44, 'JX', 1),
(702, 'Jilin', 44, 'JL', 1),
(703, 'Liaoning', 44, 'LI', 1),
(704, 'Macau', 44, 'MA', 1),
(705, 'Ningxia', 44, 'NI', 1),
(706, 'Shaanxi', 44, 'SH', 1),
(707, 'Shandong', 44, 'SA', 1),
(708, 'Shanghai', 44, 'SG', 1),
(709, 'Shanxi', 44, 'SX', 1),
(710, 'Sichuan', 44, 'SI', 1),
(711, 'Tianjin', 44, 'TI', 1),
(712, 'Xinjiang', 44, 'XI', 1),
(713, 'Yunnan', 44, 'YU', 1),
(714, 'Zhejiang', 44, 'ZH', 1),
(715, 'Direction Island', 46, 'D', 1),
(716, 'Home Island', 46, 'H', 1),
(717, 'Horsburgh Island', 46, 'O', 1),
(718, 'South Island', 46, 'S', 1),
(719, 'West Island', 46, 'W', 1),
(720, 'Amazonas', 47, 'AMZ', 1),
(721, 'Antioquia', 47, 'ANT', 1),
(722, 'Arauca', 47, 'ARA', 1),
(723, 'Atlantico', 47, 'ATL', 1),
(724, 'Bogota D.C.', 47, 'BDC', 1),
(725, 'Bolivar', 47, 'BOL', 1),
(726, 'Boyaca', 47, 'BOY', 1),
(727, 'Caldas', 47, 'CAL', 1),
(728, 'Caqueta', 47, 'CAQ', 1),
(729, 'Casanare', 47, 'CAS', 1),
(730, 'Cauca', 47, 'CAU', 1),
(731, 'Cesar', 47, 'CES', 1),
(732, 'Choco', 47, 'CHO', 1),
(733, 'Cordoba', 47, 'COR', 1),
(734, 'Cundinamarca', 47, 'CAM', 1),
(735, 'Guainia', 47, 'GNA', 1),
(736, 'Guajira', 47, 'GJR', 1),
(737, 'Guaviare', 47, 'GVR', 1),
(738, 'Huila', 47, 'HUI', 1),
(739, 'Magdalena', 47, 'MAG', 1),
(740, 'Meta', 47, 'MET', 1),
(741, 'Narino', 47, 'NAR', 1),
(742, 'Norte de Santander', 47, 'NDS', 1),
(743, 'Putumayo', 47, 'PUT', 1),
(744, 'Quindio', 47, 'QUI', 1),
(745, 'Risaralda', 47, 'RIS', 1),
(746, 'San Andres y Providencia', 47, 'SAP', 1),
(747, 'Santander', 47, 'SAN', 1),
(748, 'Sucre', 47, 'SUC', 1),
(749, 'Tolima', 47, 'TOL', 1),
(750, 'Valle del Cauca', 47, 'VDC', 1),
(751, 'Vaupes', 47, 'VAU', 1),
(752, 'Vichada', 47, 'VIC', 1),
(753, 'Grande Comore', 48, 'G', 1),
(754, 'Anjouan', 48, 'A', 1),
(755, 'Moheli', 48, 'M', 1),
(756, 'Bouenza', 49, 'BO', 1),
(757, 'Brazzaville', 49, 'BR', 1),
(758, 'Cuvette', 49, 'CU', 1),
(759, 'Cuvette-Ouest', 49, 'CO', 1),
(760, 'Kouilou', 49, 'KO', 1),
(761, 'Lekoumou', 49, 'LE', 1),
(762, 'Likouala', 49, 'LI', 1),
(763, 'Niari', 49, 'NI', 1),
(764, 'Plateaux', 49, 'PL', 1),
(765, 'Pool', 49, 'PO', 1),
(766, 'Sangha', 49, 'SA', 1),
(767, 'Pukapuka', 50, 'PU', 1),
(768, 'Rakahanga', 50, 'RK', 1),
(769, 'Manihiki', 50, 'MK', 1),
(770, 'Penrhyn', 50, 'PE', 1),
(771, 'Nassau Island', 50, 'NI', 1),
(772, 'Surwarrow', 50, 'SU', 1),
(773, 'Palmerston', 50, 'PA', 1),
(774, 'Aitutaki', 50, 'AI', 1),
(775, 'Manuae', 50, 'MA', 1),
(776, 'Takutea', 50, 'TA', 1),
(777, 'Mitiaro', 50, 'MT', 1),
(778, 'Atiu', 50, 'AT', 1),
(779, 'Mauke', 50, 'MU', 1),
(780, 'Rarotonga', 50, 'RR', 1),
(781, 'Mangaia', 50, 'MG', 1),
(782, 'Alajuela', 51, 'AL', 1),
(783, 'Cartago', 51, 'CA', 1),
(784, 'Guanacaste', 51, 'GU', 1),
(785, 'Heredia', 51, 'HE', 1),
(786, 'Limon', 51, 'LI', 1),
(787, 'Puntarenas', 51, 'PU', 1),
(788, 'San Jose', 51, 'SJ', 1),
(789, 'Abengourou', 52, 'ABE', 1),
(790, 'Abidjan', 52, 'ABI', 1),
(791, 'Aboisso', 52, 'ABO', 1),
(792, 'Adiake', 52, 'ADI', 1),
(793, 'Adzope', 52, 'ADZ', 1),
(794, 'Agboville', 52, 'AGB', 1),
(795, 'Agnibilekrou', 52, 'AGN', 1),
(796, 'Alepe', 52, 'ALE', 1),
(797, 'Bocanda', 52, 'BOC', 1),
(798, 'Bangolo', 52, 'BAN', 1),
(799, 'Beoumi', 52, 'BEO', 1),
(800, 'Biankouma', 52, 'BIA', 1),
(801, 'Bondoukou', 52, 'BDK', 1),
(802, 'Bongouanou', 52, 'BGN', 1),
(803, 'Bouafle', 52, 'BFL', 1),
(804, 'Bouake', 52, 'BKE', 1),
(805, 'Bouna', 52, 'BNA', 1),
(806, 'Boundiali', 52, 'BDL', 1),
(807, 'Dabakala', 52, 'DKL', 1),
(808, 'Dabou', 52, 'DBU', 1),
(809, 'Daloa', 52, 'DAL', 1),
(810, 'Danane', 52, 'DAN', 1),
(811, 'Daoukro', 52, 'DAO', 1),
(812, 'Dimbokro', 52, 'DIM', 1),
(813, 'Divo', 52, 'DIV', 1),
(814, 'Duekoue', 52, 'DUE', 1),
(815, 'Ferkessedougou', 52, 'FER', 1),
(816, 'Gagnoa', 52, 'GAG', 1),
(817, 'Grand-Bassam', 52, 'GBA', 1),
(818, 'Grand-Lahou', 52, 'GLA', 1),
(819, 'Guiglo', 52, 'GUI', 1),
(820, 'Issia', 52, 'ISS', 1),
(821, 'Jacqueville', 52, 'JAC', 1),
(822, 'Katiola', 52, 'KAT', 1),
(823, 'Korhogo', 52, 'KOR', 1),
(824, 'Lakota', 52, 'LAK', 1),
(825, 'Man', 52, 'MAN', 1),
(826, 'Mankono', 52, 'MKN', 1),
(827, 'Mbahiakro', 52, 'MBA', 1),
(828, 'Odienne', 52, 'ODI', 1),
(829, 'Oume', 52, 'OUM', 1),
(830, 'Sakassou', 52, 'SAK', 1),
(831, 'San-Pedro', 52, 'SPE', 1),
(832, 'Sassandra', 52, 'SAS', 1),
(833, 'Seguela', 52, 'SEG', 1),
(834, 'Sinfra', 52, 'SIN', 1),
(835, 'Soubre', 52, 'SOU', 1),
(836, 'Tabou', 52, 'TAB', 1),
(837, 'Tanda', 52, 'TAN', 1),
(838, 'Tiebissou', 52, 'TIE', 1),
(839, 'Tingrela', 52, 'TIN', 1),
(840, 'Tiassale', 52, 'TIA', 1),
(841, 'Touba', 52, 'TBA', 1),
(842, 'Toulepleu', 52, 'TLP', 1),
(843, 'Toumodi', 52, 'TMD', 1),
(844, 'Vavoua', 52, 'VAV', 1),
(845, 'Yamoussoukro', 52, 'YAM', 1),
(846, 'Zuenoula', 52, 'ZUE', 1),
(847, 'Bjelovarsko-bilogorska', 53, 'BB', 1),
(848, 'Grad Zagreb', 53, 'GZ', 1),
(849, 'Dubrovačko-neretvanska', 53, 'DN', 1),
(850, 'Istarska', 53, 'IS', 1),
(851, 'Karlovačka', 53, 'KA', 1),
(852, 'Koprivničko-križevačka', 53, 'KK', 1),
(853, 'Krapinsko-zagorska', 53, 'KZ', 1),
(854, 'Ličko-senjska', 53, 'LS', 1),
(855, 'Međimurska', 53, 'ME', 1),
(856, 'Osječko-baranjska', 53, 'OB', 1),
(857, 'Požeško-slavonska', 53, 'PS', 1),
(858, 'Primorsko-goranska', 53, 'PG', 1),
(859, 'Šibensko-kninska', 53, 'SK', 1),
(860, 'Sisačko-moslavačka', 53, 'SM', 1),
(861, 'Brodsko-posavska', 53, 'BP', 1),
(862, 'Splitsko-dalmatinska', 53, 'SD', 1),
(863, 'Varaždinska', 53, 'VA', 1),
(864, 'Virovitičko-podravska', 53, 'VP', 1),
(865, 'Vukovarsko-srijemska', 53, 'VS', 1),
(866, 'Zadarska', 53, 'ZA', 1),
(867, 'Zagrebačka', 53, 'ZG', 1),
(868, 'Camaguey', 54, 'CA', 1),
(869, 'Ciego de Avila', 54, 'CD', 1),
(870, 'Cienfuegos', 54, 'CI', 1),
(871, 'Ciudad de La Habana', 54, 'CH', 1),
(872, 'Granma', 54, 'GR', 1),
(873, 'Guantanamo', 54, 'GU', 1),
(874, 'Holguin', 54, 'HO', 1),
(875, 'Isla de la Juventud', 54, 'IJ', 1),
(876, 'La Habana', 54, 'LH', 1),
(877, 'Las Tunas', 54, 'LT', 1),
(878, 'Matanzas', 54, 'MA', 1),
(879, 'Pinar del Rio', 54, 'PR', 1),
(880, 'Sancti Spiritus', 54, 'SS', 1),
(881, 'Santiago de Cuba', 54, 'SC', 1),
(882, 'Villa Clara', 54, 'VC', 1),
(883, 'Famagusta', 55, 'F', 1),
(884, 'Kyrenia', 55, 'K', 1),
(885, 'Larnaca', 55, 'A', 1),
(886, 'Limassol', 55, 'I', 1),
(887, 'Nicosia', 55, 'N', 1),
(888, 'Paphos', 55, 'P', 1),
(889, 'Ústecký', 56, 'U', 1),
(890, 'Jihočeský', 56, 'C', 1),
(891, 'Jihomoravský', 56, 'B', 1),
(892, 'Karlovarský', 56, 'K', 1),
(893, 'Královehradecký', 56, 'H', 1),
(894, 'Liberecký', 56, 'L', 1),
(895, 'Moravskoslezský', 56, 'T', 1),
(896, 'Olomoucký', 56, 'M', 1),
(897, 'Pardubický', 56, 'E', 1),
(898, 'Plzeňský', 56, 'P', 1),
(899, 'Praha', 56, 'A', 1),
(900, 'Středočeský', 56, 'S', 1),
(901, 'Vysočina', 56, 'J', 1),
(902, 'Zlínský', 56, 'Z', 1),
(903, 'Arhus', 57, 'AR', 1),
(904, 'Bornholm', 57, 'BH', 1),
(905, 'Copenhagen', 57, 'CO', 1),
(906, 'Faroe Islands', 57, 'FO', 1),
(907, 'Frederiksborg', 57, 'FR', 1),
(908, 'Fyn', 57, 'FY', 1),
(909, 'Kobenhavn', 57, 'KO', 1),
(910, 'Nordjylland', 57, 'NO', 1),
(911, 'Ribe', 57, 'RI', 1),
(912, 'Ringkobing', 57, 'RK', 1),
(913, 'Roskilde', 57, 'RO', 1),
(914, 'Sonderjylland', 57, 'SO', 1),
(915, 'Storstrom', 57, 'ST', 1),
(916, 'Vejle', 57, 'VK', 1),
(917, 'Vestj&aelig;lland', 57, 'VJ', 1),
(918, 'Viborg', 57, 'VB', 1),
(919, '\'Ali Sabih', 58, 'S', 1),
(920, 'Dikhil', 58, 'K', 1),
(921, 'Djibouti', 58, 'J', 1),
(922, 'Obock', 58, 'O', 1),
(923, 'Tadjoura', 58, 'T', 1),
(924, 'Saint Andrew Parish', 59, 'AND', 1),
(925, 'Saint David Parish', 59, 'DAV', 1),
(926, 'Saint George Parish', 59, 'GEO', 1),
(927, 'Saint John Parish', 59, 'JOH', 1),
(928, 'Saint Joseph Parish', 59, 'JOS', 1),
(929, 'Saint Luke Parish', 59, 'LUK', 1),
(930, 'Saint Mark Parish', 59, 'MAR', 1),
(931, 'Saint Patrick Parish', 59, 'PAT', 1),
(932, 'Saint Paul Parish', 59, 'PAU', 1),
(933, 'Saint Peter Parish', 59, 'PET', 1),
(934, 'Distrito Nacional', 60, 'DN', 1),
(935, 'Azua', 60, 'AZ', 1),
(936, 'Baoruco', 60, 'BC', 1),
(937, 'Barahona', 60, 'BH', 1),
(938, 'Dajabon', 60, 'DJ', 1),
(939, 'Duarte', 60, 'DU', 1),
(940, 'Elias Pina', 60, 'EL', 1),
(941, 'El Seybo', 60, 'SY', 1),
(942, 'Espaillat', 60, 'ET', 1),
(943, 'Hato Mayor', 60, 'HM', 1),
(944, 'Independencia', 60, 'IN', 1),
(945, 'La Altagracia', 60, 'AL', 1),
(946, 'La Romana', 60, 'RO', 1),
(947, 'La Vega', 60, 'VE', 1),
(948, 'Maria Trinidad Sanchez', 60, 'MT', 1),
(949, 'Monsenor Nouel', 60, 'MN', 1),
(950, 'Monte Cristi', 60, 'MC', 1),
(951, 'Monte Plata', 60, 'MP', 1),
(952, 'Pedernales', 60, 'PD', 1),
(953, 'Peravia (Bani)', 60, 'PR', 1),
(954, 'Puerto Plata', 60, 'PP', 1),
(955, 'Salcedo', 60, 'SL', 1),
(956, 'Samana', 60, 'SM', 1),
(957, 'Sanchez Ramirez', 60, 'SH', 1),
(958, 'San Cristobal', 60, 'SC', 1),
(959, 'San Jose de Ocoa', 60, 'JO', 1),
(960, 'San Juan', 60, 'SJ', 1),
(961, 'San Pedro de Macoris', 60, 'PM', 1),
(962, 'Santiago', 60, 'SA', 1),
(963, 'Santiago Rodriguez', 60, 'ST', 1),
(964, 'Santo Domingo', 60, 'SD', 1),
(965, 'Valverde', 60, 'VA', 1),
(966, 'Aileu', 61, 'AL', 1),
(967, 'Ainaro', 61, 'AN', 1),
(968, 'Baucau', 61, 'BA', 1),
(969, 'Bobonaro', 61, 'BO', 1),
(970, 'Cova Lima', 61, 'CO', 1),
(971, 'Dili', 61, 'DI', 1),
(972, 'Ermera', 61, 'ER', 1),
(973, 'Lautem', 61, 'LA', 1),
(974, 'Liquica', 61, 'LI', 1),
(975, 'Manatuto', 61, 'MT', 1),
(976, 'Manufahi', 61, 'MF', 1),
(977, 'Oecussi', 61, 'OE', 1),
(978, 'Viqueque', 61, 'VI', 1),
(979, 'Azuay', 62, 'AZU', 1),
(980, 'Bolivar', 62, 'BOL', 1),
(981, 'Ca&ntilde;ar', 62, 'CAN', 1),
(982, 'Carchi', 62, 'CAR', 1),
(983, 'Chimborazo', 62, 'CHI', 1),
(984, 'Cotopaxi', 62, 'COT', 1),
(985, 'El Oro', 62, 'EOR', 1),
(986, 'Esmeraldas', 62, 'ESM', 1),
(987, 'Gal&aacute;pagos', 62, 'GPS', 1),
(988, 'Guayas', 62, 'GUA', 1),
(989, 'Imbabura', 62, 'IMB', 1),
(990, 'Loja', 62, 'LOJ', 1),
(991, 'Los Rios', 62, 'LRO', 1),
(992, 'Manab&iacute;', 62, 'MAN', 1),
(993, 'Morona Santiago', 62, 'MSA', 1),
(994, 'Napo', 62, 'NAP', 1),
(995, 'Orellana', 62, 'ORE', 1),
(996, 'Pastaza', 62, 'PAS', 1),
(997, 'Pichincha', 62, 'PIC', 1),
(998, 'Sucumb&iacute;os', 62, 'SUC', 1),
(999, 'Tungurahua', 62, 'TUN', 1),
(1000, 'Zamora Chinchipe', 62, 'ZCH', 1),
(1001, 'Ad Daqahliyah', 63, 'DHY', 1),
(1002, 'Al Bahr al Ahmar', 63, 'BAM', 1),
(1003, 'Al Buhayrah', 63, 'BHY', 1),
(1004, 'Al Fayyum', 63, 'FYM', 1),
(1005, 'Al Gharbiyah', 63, 'GBY', 1),
(1006, 'Al Iskandariyah', 63, 'IDR', 1),
(1007, 'Al Isma\'iliyah', 63, 'IML', 1),
(1008, 'Al Jizah', 63, 'JZH', 1),
(1009, 'Al Minufiyah', 63, 'MFY', 1),
(1010, 'Al Minya', 63, 'MNY', 1),
(1011, 'Al Qahirah', 63, 'QHR', 1),
(1012, 'Al Qalyubiyah', 63, 'QLY', 1),
(1013, 'Al Wadi al Jadid', 63, 'WJD', 1),
(1014, 'Ash Sharqiyah', 63, 'SHQ', 1),
(1015, 'As Suways', 63, 'SWY', 1),
(1016, 'Aswan', 63, 'ASW', 1),
(1017, 'Asyut', 63, 'ASY', 1),
(1018, 'Bani Suwayf', 63, 'BSW', 1),
(1019, 'Bur Sa\'id', 63, 'BSD', 1),
(1020, 'Dumyat', 63, 'DMY', 1),
(1021, 'Janub Sina\'', 63, 'JNS', 1),
(1022, 'Kafr ash Shaykh', 63, 'KSH', 1),
(1023, 'Matruh', 63, 'MAT', 1),
(1024, 'Qina', 63, 'QIN', 1),
(1025, 'Shamal Sina\'', 63, 'SHS', 1),
(1026, 'Suhaj', 63, 'SUH', 1),
(1027, 'Ahuachapan', 64, 'AH', 1),
(1028, 'Cabanas', 64, 'CA', 1),
(1029, 'Chalatenango', 64, 'CH', 1),
(1030, 'Cuscatlan', 64, 'CU', 1),
(1031, 'La Libertad', 64, 'LB', 1),
(1032, 'La Paz', 64, 'PZ', 1),
(1033, 'La Union', 64, 'UN', 1),
(1034, 'Morazan', 64, 'MO', 1),
(1035, 'San Miguel', 64, 'SM', 1),
(1036, 'San Salvador', 64, 'SS', 1),
(1037, 'San Vicente', 64, 'SV', 1),
(1038, 'Santa Ana', 64, 'SA', 1),
(1039, 'Sonsonate', 64, 'SO', 1),
(1040, 'Usulutan', 64, 'US', 1),
(1041, 'Provincia Annobon', 65, 'AN', 1),
(1042, 'Provincia Bioko Norte', 65, 'BN', 1),
(1043, 'Provincia Bioko Sur', 65, 'BS', 1),
(1044, 'Provincia Centro Sur', 65, 'CS', 1),
(1045, 'Provincia Kie-Ntem', 65, 'KN', 1),
(1046, 'Provincia Litoral', 65, 'LI', 1),
(1047, 'Provincia Wele-Nzas', 65, 'WN', 1),
(1048, 'Central (Maekel)', 66, 'MA', 1),
(1049, 'Anseba (Keren)', 66, 'KE', 1),
(1050, 'Southern Red Sea (Debub-Keih-Bahri)', 66, 'DK', 1),
(1051, 'Northern Red Sea (Semien-Keih-Bahri)', 66, 'SK', 1),
(1052, 'Southern (Debub)', 66, 'DE', 1),
(1053, 'Gash-Barka (Barentu)', 66, 'BR', 1),
(1054, 'Harjumaa (Tallinn)', 67, 'HA', 1),
(1055, 'Hiiumaa (Kardla)', 67, 'HI', 1),
(1056, 'Ida-Virumaa (Johvi)', 67, 'IV', 1),
(1057, 'Jarvamaa (Paide)', 67, 'JA', 1),
(1058, 'Jogevamaa (Jogeva)', 67, 'JO', 1),
(1059, 'Laane-Virumaa (Rakvere)', 67, 'LV', 1),
(1060, 'Laanemaa (Haapsalu)', 67, 'LA', 1),
(1061, 'Parnumaa (Parnu)', 67, 'PA', 1),
(1062, 'Polvamaa (Polva)', 67, 'PO', 1),
(1063, 'Raplamaa (Rapla)', 67, 'RA', 1),
(1064, 'Saaremaa (Kuessaare)', 67, 'SA', 1),
(1065, 'Tartumaa (Tartu)', 67, 'TA', 1),
(1066, 'Valgamaa (Valga)', 67, 'VA', 1),
(1067, 'Viljandimaa (Viljandi)', 67, 'VI', 1),
(1068, 'Vorumaa (Voru)', 67, 'VO', 1),
(1069, 'Afar', 68, 'AF', 1),
(1070, 'Amhara', 68, 'AH', 1),
(1071, 'Benishangul-Gumaz', 68, 'BG', 1),
(1072, 'Gambela', 68, 'GB', 1),
(1073, 'Hariai', 68, 'HR', 1),
(1074, 'Oromia', 68, 'OR', 1),
(1075, 'Somali', 68, 'SM', 1),
(1076, 'Southern Nations - Nationalities and Peoples Region', 68, 'SN', 1),
(1077, 'Tigray', 68, 'TG', 1),
(1078, 'Addis Ababa', 68, 'AA', 1),
(1079, 'Dire Dawa', 68, 'DD', 1),
(1080, 'Central Division', 71, 'C', 1),
(1081, 'Northern Division', 71, 'N', 1),
(1082, 'Eastern Division', 71, 'E', 1),
(1083, 'Western Division', 71, 'W', 1),
(1084, 'Rotuma', 71, 'R', 1),
(1085, 'Ahvenanmaan lääni', 72, 'AL', 1),
(1086, 'Etelä-Suomen lääni', 72, 'ES', 1),
(1087, 'Itä-Suomen lääni', 72, 'IS', 1),
(1088, 'Länsi-Suomen lääni', 72, 'LS', 1),
(1089, 'Lapin lääni', 72, 'LA', 1),
(1090, 'Oulun lääni', 72, 'OU', 1),
(1114, 'Ain', 74, '01', 1),
(1115, 'Aisne', 74, '02', 1),
(1116, 'Allier', 74, '03', 1),
(1117, 'Alpes de Haute Provence', 74, '04', 1),
(1118, 'Hautes-Alpes', 74, '05', 1),
(1119, 'Alpes Maritimes', 74, '06', 1),
(1120, 'Ard&egrave;che', 74, '07', 1),
(1121, 'Ardennes', 74, '08', 1),
(1122, 'Ari&egrave;ge', 74, '09', 1),
(1123, 'Aube', 74, '10', 1),
(1124, 'Aude', 74, '11', 1),
(1125, 'Aveyron', 74, '12', 1),
(1126, 'Bouches du Rh&ocirc;ne', 74, '13', 1),
(1127, 'Calvados', 74, '14', 1),
(1128, 'Cantal', 74, '15', 1),
(1129, 'Charente', 74, '16', 1),
(1130, 'Charente Maritime', 74, '17', 1),
(1131, 'Cher', 74, '18', 1),
(1132, 'Corr&egrave;ze', 74, '19', 1),
(1133, 'Corse du Sud', 74, '2A', 1),
(1134, 'Haute Corse', 74, '2B', 1),
(1135, 'C&ocirc;te d&#039;or', 74, '21', 1),
(1136, 'C&ocirc;tes d&#039;Armor', 74, '22', 1),
(1137, 'Creuse', 74, '23', 1),
(1138, 'Dordogne', 74, '24', 1),
(1139, 'Doubs', 74, '25', 1),
(1140, 'Dr&ocirc;me', 74, '26', 1),
(1141, 'Eure', 74, '27', 1),
(1142, 'Eure et Loir', 74, '28', 1),
(1143, 'Finist&egrave;re', 74, '29', 1),
(1144, 'Gard', 74, '30', 1),
(1145, 'Haute Garonne', 74, '31', 1),
(1146, 'Gers', 74, '32', 1),
(1147, 'Gironde', 74, '33', 1),
(1148, 'H&eacute;rault', 74, '34', 1),
(1149, 'Ille et Vilaine', 74, '35', 1),
(1150, 'Indre', 74, '36', 1),
(1151, 'Indre et Loire', 74, '37', 1),
(1152, 'Is&eacute;re', 74, '38', 1),
(1153, 'Jura', 74, '39', 1),
(1154, 'Landes', 74, '40', 1),
(1155, 'Loir et Cher', 74, '41', 1),
(1156, 'Loire', 74, '42', 1),
(1157, 'Haute Loire', 74, '43', 1),
(1158, 'Loire Atlantique', 74, '44', 1),
(1159, 'Loiret', 74, '45', 1),
(1160, 'Lot', 74, '46', 1),
(1161, 'Lot et Garonne', 74, '47', 1),
(1162, 'Loz&egrave;re', 74, '48', 1),
(1163, 'Maine et Loire', 74, '49', 1),
(1164, 'Manche', 74, '50', 1),
(1165, 'Marne', 74, '51', 1),
(1166, 'Haute Marne', 74, '52', 1),
(1167, 'Mayenne', 74, '53', 1),
(1168, 'Meurthe et Moselle', 74, '54', 1),
(1169, 'Meuse', 74, '55', 1),
(1170, 'Morbihan', 74, '56', 1),
(1171, 'Moselle', 74, '57', 1),
(1172, 'Ni&egrave;vre', 74, '58', 1),
(1173, 'Nord', 74, '59', 1),
(1174, 'Oise', 74, '60', 1),
(1175, 'Orne', 74, '61', 1),
(1176, 'Pas de Calais', 74, '62', 1),
(1177, 'Puy de D&ocirc;me', 74, '63', 1),
(1178, 'Pyr&eacute;n&eacute;es Atlantiques', 74, '64', 1),
(1179, 'Hautes Pyr&eacute;n&eacute;es', 74, '65', 1),
(1180, 'Pyr&eacute;n&eacute;es Orientales', 74, '66', 1),
(1181, 'Bas Rhin', 74, '67', 1),
(1182, 'Haut Rhin', 74, '68', 1),
(1183, 'Rh&ocirc;ne', 74, '69', 1),
(1184, 'Haute Sa&ocirc;ne', 74, '70', 1),
(1185, 'Sa&ocirc;ne et Loire', 74, '71', 1),
(1186, 'Sarthe', 74, '72', 1),
(1187, 'Savoie', 74, '73', 1),
(1188, 'Haute Savoie', 74, '74', 1),
(1189, 'Paris', 74, '75', 1),
(1190, 'Seine Maritime', 74, '76', 1),
(1191, 'Seine et Marne', 74, '77', 1),
(1192, 'Yvelines', 74, '78', 1),
(1193, 'Deux S&egrave;vres', 74, '79', 1),
(1194, 'Somme', 74, '80', 1),
(1195, 'Tarn', 74, '81', 1),
(1196, 'Tarn et Garonne', 74, '82', 1),
(1197, 'Var', 74, '83', 1),
(1198, 'Vaucluse', 74, '84', 1),
(1199, 'Vend&eacute;e', 74, '85', 1),
(1200, 'Vienne', 74, '86', 1),
(1201, 'Haute Vienne', 74, '87', 1),
(1202, 'Vosges', 74, '88', 1),
(1203, 'Yonne', 74, '89', 1),
(1204, 'Territoire de Belfort', 74, '90', 1),
(1205, 'Essonne', 74, '91', 1),
(1206, 'Hauts de Seine', 74, '92', 1),
(1207, 'Seine St-Denis', 74, '93', 1),
(1208, 'Val de Marne', 74, '94', 1),
(1209, 'Val d\'Oise', 74, '95', 1),
(1210, 'Archipel des Marquises', 76, 'M', 1),
(1211, 'Archipel des Tuamotu', 76, 'T', 1),
(1212, 'Archipel des Tubuai', 76, 'I', 1),
(1213, 'Iles du Vent', 76, 'V', 1),
(1214, 'Iles Sous-le-Vent', 76, 'S', 1),
(1215, 'Iles Crozet', 77, 'C', 1),
(1216, 'Iles Kerguelen', 77, 'K', 1),
(1217, 'Ile Amsterdam', 77, 'A', 1),
(1218, 'Ile Saint-Paul', 77, 'P', 1),
(1219, 'Adelie Land', 77, 'D', 1),
(1220, 'Estuaire', 78, 'ES', 1),
(1221, 'Haut-Ogooue', 78, 'HO', 1),
(1222, 'Moyen-Ogooue', 78, 'MO', 1),
(1223, 'Ngounie', 78, 'NG', 1),
(1224, 'Nyanga', 78, 'NY', 1),
(1225, 'Ogooue-Ivindo', 78, 'OI', 1),
(1226, 'Ogooue-Lolo', 78, 'OL', 1),
(1227, 'Ogooue-Maritime', 78, 'OM', 1),
(1228, 'Woleu-Ntem', 78, 'WN', 1),
(1229, 'Banjul', 79, 'BJ', 1),
(1230, 'Basse', 79, 'BS', 1),
(1231, 'Brikama', 79, 'BR', 1),
(1232, 'Janjangbure', 79, 'JA', 1),
(1233, 'Kanifeng', 79, 'KA', 1),
(1234, 'Kerewan', 79, 'KE', 1),
(1235, 'Kuntaur', 79, 'KU', 1),
(1236, 'Mansakonko', 79, 'MA', 1),
(1237, 'Lower River', 79, 'LR', 1),
(1238, 'Central River', 79, 'CR', 1),
(1239, 'North Bank', 79, 'NB', 1),
(1240, 'Upper River', 79, 'UR', 1),
(1241, 'Western', 79, 'WE', 1),
(1242, 'Abkhazia', 80, 'AB', 1),
(1243, 'Ajaria', 80, 'AJ', 1),
(1244, 'Tbilisi', 80, 'TB', 1),
(1245, 'Guria', 80, 'GU', 1),
(1246, 'Imereti', 80, 'IM', 1),
(1247, 'Kakheti', 80, 'KA', 1),
(1248, 'Kvemo Kartli', 80, 'KK', 1),
(1249, 'Mtskheta-Mtianeti', 80, 'MM', 1),
(1250, 'Racha Lechkhumi and Kvemo Svanet', 80, 'RL', 1),
(1251, 'Samegrelo-Zemo Svaneti', 80, 'SZ', 1),
(1252, 'Samtskhe-Javakheti', 80, 'SJ', 1),
(1253, 'Shida Kartli', 80, 'SK', 1),
(1254, 'Baden-Württemberg', 81, 'BAW', 1),
(1255, 'Bayern', 81, 'BAY', 1),
(1256, 'Berlin', 81, 'BER', 1),
(1257, 'Brandenburg', 81, 'BRG', 1),
(1258, 'Bremen', 81, 'BRE', 1),
(1259, 'Hamburg', 81, 'HAM', 1),
(1260, 'Hessen', 81, 'HES', 1),
(1261, 'Mecklenburg-Vorpommern', 81, 'MEC', 1),
(1262, 'Niedersachsen', 81, 'NDS', 1),
(1263, 'Nordrhein-Westfalen', 81, 'NRW', 1),
(1264, 'Rheinland-Pfalz', 81, 'RHE', 1),
(1265, 'Saarland', 81, 'SAR', 1),
(1266, 'Sachsen', 81, 'SAS', 1),
(1267, 'Sachsen-Anhalt', 81, 'SAC', 1),
(1268, 'Schleswig-Holstein', 81, 'SCN', 1),
(1269, 'Thüringen', 81, 'THE', 1),
(1270, 'Ashanti Region', 82, 'AS', 1),
(1271, 'Brong-Ahafo Region', 82, 'BA', 1),
(1272, 'Central Region', 82, 'CE', 1),
(1273, 'Eastern Region', 82, 'EA', 1),
(1274, 'Greater Accra Region', 82, 'GA', 1),
(1275, 'Northern Region', 82, 'NO', 1),
(1276, 'Upper East Region', 82, 'UE', 1),
(1277, 'Upper West Region', 82, 'UW', 1),
(1278, 'Volta Region', 82, 'VO', 1),
(1279, 'Western Region', 82, 'WE', 1),
(1280, 'Attica', 84, 'AT', 1),
(1281, 'Central Greece', 84, 'CN', 1),
(1282, 'Central Macedonia', 84, 'CM', 1),
(1283, 'Crete', 84, 'CR', 1),
(1284, 'East Macedonia and Thrace', 84, 'EM', 1),
(1285, 'Epirus', 84, 'EP', 1),
(1286, 'Ionian Islands', 84, 'II', 1),
(1287, 'North Aegean', 84, 'NA', 1),
(1288, 'Peloponnesos', 84, 'PP', 1),
(1289, 'South Aegean', 84, 'SA', 1),
(1290, 'Thessaly', 84, 'TH', 1),
(1291, 'West Greece', 84, 'WG', 1),
(1292, 'West Macedonia', 84, 'WM', 1),
(1293, 'Avannaa', 85, 'A', 1),
(1294, 'Tunu', 85, 'T', 1),
(1295, 'Kitaa', 85, 'K', 1),
(1296, 'Saint Andrew', 86, 'A', 1),
(1297, 'Saint David', 86, 'D', 1),
(1298, 'Saint George', 86, 'G', 1),
(1299, 'Saint John', 86, 'J', 1),
(1300, 'Saint Mark', 86, 'M', 1),
(1301, 'Saint Patrick', 86, 'P', 1),
(1302, 'Carriacou', 86, 'C', 1),
(1303, 'Petit Martinique', 86, 'Q', 1),
(1304, 'Alta Verapaz', 89, 'AV', 1),
(1305, 'Baja Verapaz', 89, 'BV', 1),
(1306, 'Chimaltenango', 89, 'CM', 1),
(1307, 'Chiquimula', 89, 'CQ', 1),
(1308, 'El Peten', 89, 'PE', 1),
(1309, 'El Progreso', 89, 'PR', 1),
(1310, 'El Quiche', 89, 'QC', 1),
(1311, 'Escuintla', 89, 'ES', 1),
(1312, 'Guatemala', 89, 'GU', 1),
(1313, 'Huehuetenango', 89, 'HU', 1),
(1314, 'Izabal', 89, 'IZ', 1),
(1315, 'Jalapa', 89, 'JA', 1),
(1316, 'Jutiapa', 89, 'JU', 1),
(1317, 'Quetzaltenango', 89, 'QZ', 1),
(1318, 'Retalhuleu', 89, 'RE', 1),
(1319, 'Sacatepequez', 89, 'ST', 1),
(1320, 'San Marcos', 89, 'SM', 1),
(1321, 'Santa Rosa', 89, 'SR', 1),
(1322, 'Solola', 89, 'SO', 1),
(1323, 'Suchitepequez', 89, 'SU', 1),
(1324, 'Totonicapan', 89, 'TO', 1),
(1325, 'Zacapa', 89, 'ZA', 1),
(1326, 'Conakry', 90, 'CNK', 1),
(1327, 'Beyla', 90, 'BYL', 1),
(1328, 'Boffa', 90, 'BFA', 1),
(1329, 'Boke', 90, 'BOK', 1),
(1330, 'Coyah', 90, 'COY', 1),
(1331, 'Dabola', 90, 'DBL', 1),
(1332, 'Dalaba', 90, 'DLB', 1),
(1333, 'Dinguiraye', 90, 'DGR', 1),
(1334, 'Dubreka', 90, 'DBR', 1),
(1335, 'Faranah', 90, 'FRN', 1),
(1336, 'Forecariah', 90, 'FRC', 1),
(1337, 'Fria', 90, 'FRI', 1),
(1338, 'Gaoual', 90, 'GAO', 1),
(1339, 'Gueckedou', 90, 'GCD', 1),
(1340, 'Kankan', 90, 'KNK', 1),
(1341, 'Kerouane', 90, 'KRN', 1),
(1342, 'Kindia', 90, 'KND', 1),
(1343, 'Kissidougou', 90, 'KSD', 1),
(1344, 'Koubia', 90, 'KBA', 1),
(1345, 'Koundara', 90, 'KDA', 1),
(1346, 'Kouroussa', 90, 'KRA', 1),
(1347, 'Labe', 90, 'LAB', 1),
(1348, 'Lelouma', 90, 'LLM', 1),
(1349, 'Lola', 90, 'LOL', 1),
(1350, 'Macenta', 90, 'MCT', 1),
(1351, 'Mali', 90, 'MAL', 1),
(1352, 'Mamou', 90, 'MAM', 1),
(1353, 'Mandiana', 90, 'MAN', 1),
(1354, 'Nzerekore', 90, 'NZR', 1),
(1355, 'Pita', 90, 'PIT', 1),
(1356, 'Siguiri', 90, 'SIG', 1),
(1357, 'Telimele', 90, 'TLM', 1),
(1358, 'Tougue', 90, 'TOG', 1),
(1359, 'Yomou', 90, 'YOM', 1),
(1360, 'Bafata Region', 91, 'BF', 1),
(1361, 'Biombo Region', 91, 'BB', 1),
(1362, 'Bissau Region', 91, 'BS', 1),
(1363, 'Bolama Region', 91, 'BL', 1),
(1364, 'Cacheu Region', 91, 'CA', 1),
(1365, 'Gabu Region', 91, 'GA', 1),
(1366, 'Oio Region', 91, 'OI', 1),
(1367, 'Quinara Region', 91, 'QU', 1),
(1368, 'Tombali Region', 91, 'TO', 1),
(1369, 'Barima-Waini', 92, 'BW', 1),
(1370, 'Cuyuni-Mazaruni', 92, 'CM', 1),
(1371, 'Demerara-Mahaica', 92, 'DM', 1),
(1372, 'East Berbice-Corentyne', 92, 'EC', 1),
(1373, 'Essequibo Islands-West Demerara', 92, 'EW', 1),
(1374, 'Mahaica-Berbice', 92, 'MB', 1),
(1375, 'Pomeroon-Supenaam', 92, 'PM', 1),
(1376, 'Potaro-Siparuni', 92, 'PI', 1),
(1377, 'Upper Demerara-Berbice', 92, 'UD', 1),
(1378, 'Upper Takutu-Upper Essequibo', 92, 'UT', 1),
(1379, 'Artibonite', 93, 'AR', 1),
(1380, 'Centre', 93, 'CE', 1),
(1381, 'Grand\'Anse', 93, 'GA', 1),
(1382, 'Nord', 93, 'ND', 1),
(1383, 'Nord-Est', 93, 'NE', 1),
(1384, 'Nord-Ouest', 93, 'NO', 1),
(1385, 'Ouest', 93, 'OU', 1),
(1386, 'Sud', 93, 'SD', 1),
(1387, 'Sud-Est', 93, 'SE', 1),
(1388, 'Flat Island', 94, 'F', 1),
(1389, 'McDonald Island', 94, 'M', 1),
(1390, 'Shag Island', 94, 'S', 1),
(1391, 'Heard Island', 94, 'H', 1),
(1392, 'Atlantida', 95, 'AT', 1),
(1393, 'Choluteca', 95, 'CH', 1),
(1394, 'Colon', 95, 'CL', 1),
(1395, 'Comayagua', 95, 'CM', 1),
(1396, 'Copan', 95, 'CP', 1),
(1397, 'Cortes', 95, 'CR', 1),
(1398, 'El Paraiso', 95, 'PA', 1),
(1399, 'Francisco Morazan', 95, 'FM', 1),
(1400, 'Gracias a Dios', 95, 'GD', 1),
(1401, 'Intibuca', 95, 'IN', 1),
(1402, 'Islas de la Bahia (Bay Islands)', 95, 'IB', 1),
(1403, 'La Paz', 95, 'PZ', 1),
(1404, 'Lempira', 95, 'LE', 1),
(1405, 'Ocotepeque', 95, 'OC', 1),
(1406, 'Olancho', 95, 'OL', 1),
(1407, 'Santa Barbara', 95, 'SB', 1),
(1408, 'Valle', 95, 'VA', 1),
(1409, 'Yoro', 95, 'YO', 1),
(1410, 'Central and Western Hong Kong Island', 96, 'HCW', 1),
(1411, 'Eastern Hong Kong Island', 96, 'HEA', 1),
(1412, 'Southern Hong Kong Island', 96, 'HSO', 1),
(1413, 'Wan Chai Hong Kong Island', 96, 'HWC', 1),
(1414, 'Kowloon City Kowloon', 96, 'KKC', 1),
(1415, 'Kwun Tong Kowloon', 96, 'KKT', 1),
(1416, 'Sham Shui Po Kowloon', 96, 'KSS', 1),
(1417, 'Wong Tai Sin Kowloon', 96, 'KWT', 1),
(1418, 'Yau Tsim Mong Kowloon', 96, 'KYT', 1),
(1419, 'Islands New Territories', 96, 'NIS', 1),
(1420, 'Kwai Tsing New Territories', 96, 'NKT', 1),
(1421, 'North New Territories', 96, 'NNO', 1),
(1422, 'Sai Kung New Territories', 96, 'NSK', 1),
(1423, 'Sha Tin New Territories', 96, 'NST', 1),
(1424, 'Tai Po New Territories', 96, 'NTP', 1),
(1425, 'Tsuen Wan New Territories', 96, 'NTW', 1),
(1426, 'Tuen Mun New Territories', 96, 'NTM', 1),
(1427, 'Yuen Long New Territories', 96, 'NYL', 1),
(1467, 'Austurland', 98, 'AL', 1),
(1468, 'Hofuoborgarsvaeoi', 98, 'HF', 1),
(1469, 'Norourland eystra', 98, 'NE', 1),
(1470, 'Norourland vestra', 98, 'NV', 1),
(1471, 'Suourland', 98, 'SL', 1),
(1472, 'Suournes', 98, 'SN', 1),
(1473, 'Vestfiroir', 98, 'VF', 1),
(1474, 'Vesturland', 98, 'VL', 1),
(1475, 'Andaman and Nicobar Islands', 99, 'AN', 1),
(1476, 'Andhra Pradesh', 99, 'AP', 1),
(1477, 'Arunachal Pradesh', 99, 'AR', 1),
(1478, 'Assam', 99, 'AS', 1),
(1479, 'Bihar', 99, 'BI', 1),
(1480, 'Chandigarh', 99, 'CH', 1),
(1481, 'Dadra and Nagar Haveli', 99, 'DA', 1),
(1482, 'Daman and Diu', 99, 'DM', 1),
(1483, 'Delhi', 99, 'DE', 1),
(1484, 'Goa', 99, 'GO', 1),
(1485, 'Gujarat', 99, 'GU', 1),
(1486, 'Haryana', 99, 'HA', 1),
(1487, 'Himachal Pradesh', 99, 'HP', 1),
(1488, 'Jammu and Kashmir', 99, 'JA', 1),
(1489, 'Karnataka', 99, 'KA', 1),
(1490, 'Kerala', 99, 'KE', 1),
(1491, 'Lakshadweep Islands', 99, 'LI', 1),
(1492, 'Madhya Pradesh', 99, 'MP', 1),
(1493, 'Maharashtra', 99, 'MA', 1),
(1494, 'Manipur', 99, 'MN', 1),
(1495, 'Meghalaya', 99, 'ME', 1),
(1496, 'Mizoram', 99, 'MI', 1),
(1497, 'Nagaland', 99, 'NA', 1),
(1498, 'Orissa', 99, 'OR', 1),
(1499, 'Puducherry', 99, 'PO', 1),
(1500, 'Punjab', 99, 'PU', 1),
(1501, 'Rajasthan', 99, 'RA', 1),
(1502, 'Sikkim', 99, 'SI', 1),
(1503, 'Tamil Nadu', 99, 'TN', 1),
(1504, 'Tripura', 99, 'TR', 1),
(1505, 'Uttar Pradesh', 99, 'UP', 1),
(1506, 'West Bengal', 99, 'WB', 1),
(1507, 'Aceh', 100, 'AC', 1),
(1508, 'Bali', 100, 'BA', 1),
(1509, 'Banten', 100, 'BT', 1),
(1510, 'Bengkulu', 100, 'BE', 1),
(1511, 'Kalimantan Utara', 100, 'BD', 1),
(1512, 'Gorontalo', 100, 'GO', 1),
(1513, 'Jakarta', 100, 'JK', 1),
(1514, 'Jambi', 100, 'JA', 1),
(1515, 'Jawa Barat', 100, 'JB', 1),
(1516, 'Jawa Tengah', 100, 'JT', 1),
(1517, 'Jawa Timur', 100, 'JI', 1),
(1518, 'Kalimantan Barat', 100, 'KB', 1),
(1519, 'Kalimantan Selatan', 100, 'KS', 1),
(1520, 'Kalimantan Tengah', 100, 'KT', 1),
(1521, 'Kalimantan Timur', 100, 'KI', 1),
(1522, 'Kepulauan Bangka Belitung', 100, 'BB', 1),
(1523, 'Lampung', 100, 'LA', 1),
(1524, 'Maluku', 100, 'MA', 1),
(1525, 'Maluku Utara', 100, 'MU', 1),
(1526, 'Nusa Tenggara Barat', 100, 'NB', 1),
(1527, 'Nusa Tenggara Timur', 100, 'NT', 1),
(1528, 'Papua', 100, 'PA', 1),
(1529, 'Riau', 100, 'RI', 1),
(1530, 'Sulawesi Selatan', 100, 'SN', 1),
(1531, 'Sulawesi Tengah', 100, 'ST', 1),
(1532, 'Sulawesi Tenggara', 100, 'SG', 1),
(1533, 'Sulawesi Utara', 100, 'SA', 1),
(1534, 'Sumatera Barat', 100, 'SB', 1),
(1535, 'Sumatera Selatan', 100, 'SS', 1),
(1536, 'Sumatera Utara', 100, 'SU', 1),
(1537, 'Yogyakarta', 100, 'YO', 1),
(1538, 'Tehran', 101, 'TEH', 1),
(1539, 'Qom', 101, 'QOM', 1),
(1540, 'Markazi', 101, 'MKZ', 1),
(1541, 'Qazvin', 101, 'QAZ', 1),
(1542, 'Gilan', 101, 'GIL', 1),
(1543, 'Ardabil', 101, 'ARD', 1),
(1544, 'Zanjan', 101, 'ZAN', 1),
(1545, 'East Azarbaijan', 101, 'EAZ', 1),
(1546, 'West Azarbaijan', 101, 'WEZ', 1),
(1547, 'Kurdistan', 101, 'KRD', 1),
(1548, 'Hamadan', 101, 'HMD', 1),
(1549, 'Kermanshah', 101, 'KRM', 1),
(1550, 'Ilam', 101, 'ILM', 1),
(1551, 'Lorestan', 101, 'LRS', 1),
(1552, 'Khuzestan', 101, 'KZT', 1),
(1553, 'Chahar Mahaal and Bakhtiari', 101, 'CMB', 1),
(1554, 'Kohkiluyeh and Buyer Ahmad', 101, 'KBA', 1),
(1555, 'Bushehr', 101, 'BSH', 1),
(1556, 'Fars', 101, 'FAR', 1),
(1557, 'Hormozgan', 101, 'HRM', 1),
(1558, 'Sistan and Baluchistan', 101, 'SBL', 1),
(1559, 'Kerman', 101, 'KRB', 1),
(1560, 'Yazd', 101, 'YZD', 1),
(1561, 'Esfahan', 101, 'EFH', 1),
(1562, 'Semnan', 101, 'SMN', 1),
(1563, 'Mazandaran', 101, 'MZD', 1),
(1564, 'Golestan', 101, 'GLS', 1),
(1565, 'North Khorasan', 101, 'NKH', 1),
(1566, 'Razavi Khorasan', 101, 'RKH', 1),
(1567, 'South Khorasan', 101, 'SKH', 1),
(1568, 'Baghdad', 102, 'BD', 1),
(1569, 'Salah ad Din', 102, 'SD', 1),
(1570, 'Diyala', 102, 'DY', 1),
(1571, 'Wasit', 102, 'WS', 1),
(1572, 'Maysan', 102, 'MY', 1),
(1573, 'Al Basrah', 102, 'BA', 1),
(1574, 'Dhi Qar', 102, 'DQ', 1),
(1575, 'Al Muthanna', 102, 'MU', 1),
(1576, 'Al Qadisyah', 102, 'QA', 1),
(1577, 'Babil', 102, 'BB', 1),
(1578, 'Al Karbala', 102, 'KB', 1),
(1579, 'An Najaf', 102, 'NJ', 1),
(1580, 'Al Anbar', 102, 'AB', 1),
(1581, 'Ninawa', 102, 'NN', 1),
(1582, 'Dahuk', 102, 'DH', 1),
(1583, 'Arbil', 102, 'AL', 1),
(1584, 'At Ta\'mim', 102, 'TM', 1),
(1585, 'As Sulaymaniyah', 102, 'SL', 1),
(1586, 'Carlow', 103, 'CA', 1),
(1587, 'Cavan', 103, 'CV', 1),
(1588, 'Clare', 103, 'CL', 1),
(1589, 'Cork', 103, 'CO', 1),
(1590, 'Donegal', 103, 'DO', 1),
(1591, 'Dublin', 103, 'DU', 1),
(1592, 'Galway', 103, 'GA', 1),
(1593, 'Kerry', 103, 'KE', 1),
(1594, 'Kildare', 103, 'KI', 1),
(1595, 'Kilkenny', 103, 'KL', 1),
(1596, 'Laois', 103, 'LA', 1),
(1597, 'Leitrim', 103, 'LE', 1);
INSERT INTO `cities` (`id`, `city_name`, `country_id`, `city_code`, `city_status`) VALUES
(1598, 'Limerick', 103, 'LI', 1),
(1599, 'Longford', 103, 'LO', 1),
(1600, 'Louth', 103, 'LU', 1),
(1601, 'Mayo', 103, 'MA', 1),
(1602, 'Meath', 103, 'ME', 1),
(1603, 'Monaghan', 103, 'MO', 1),
(1604, 'Offaly', 103, 'OF', 1),
(1605, 'Roscommon', 103, 'RO', 1),
(1606, 'Sligo', 103, 'SL', 1),
(1607, 'Tipperary', 103, 'TI', 1),
(1608, 'Waterford', 103, 'WA', 1),
(1609, 'Westmeath', 103, 'WE', 1),
(1610, 'Wexford', 103, 'WX', 1),
(1611, 'Wicklow', 103, 'WI', 1),
(1612, 'Be\'er Sheva', 104, 'BS', 1),
(1613, 'Bika\'at Hayarden', 104, 'BH', 1),
(1614, 'Eilat and Arava', 104, 'EA', 1),
(1615, 'Galil', 104, 'GA', 1),
(1616, 'Haifa', 104, 'HA', 1),
(1617, 'Jehuda Mountains', 104, 'JM', 1),
(1618, 'Jerusalem', 104, 'JE', 1),
(1619, 'Negev', 104, 'NE', 1),
(1620, 'Semaria', 104, 'SE', 1),
(1621, 'Sharon', 104, 'SH', 1),
(1622, 'Tel Aviv (Gosh Dan)', 104, 'TA', 1),
(1643, 'Clarendon Parish', 106, 'CLA', 1),
(1644, 'Hanover Parish', 106, 'HAN', 1),
(1645, 'Kingston Parish', 106, 'KIN', 1),
(1646, 'Manchester Parish', 106, 'MAN', 1),
(1647, 'Portland Parish', 106, 'POR', 1),
(1648, 'Saint Andrew Parish', 106, 'AND', 1),
(1649, 'Saint Ann Parish', 106, 'ANN', 1),
(1650, 'Saint Catherine Parish', 106, 'CAT', 1),
(1651, 'Saint Elizabeth Parish', 106, 'ELI', 1),
(1652, 'Saint James Parish', 106, 'JAM', 1),
(1653, 'Saint Mary Parish', 106, 'MAR', 1),
(1654, 'Saint Thomas Parish', 106, 'THO', 1),
(1655, 'Trelawny Parish', 106, 'TRL', 1),
(1656, 'Westmoreland Parish', 106, 'WML', 1),
(1657, 'Aichi', 107, 'AI', 1),
(1658, 'Akita', 107, 'AK', 1),
(1659, 'Aomori', 107, 'AO', 1),
(1660, 'Chiba', 107, 'CH', 1),
(1661, 'Ehime', 107, 'EH', 1),
(1662, 'Fukui', 107, 'FK', 1),
(1663, 'Fukuoka', 107, 'FU', 1),
(1664, 'Fukushima', 107, 'FS', 1),
(1665, 'Gifu', 107, 'GI', 1),
(1666, 'Gumma', 107, 'GU', 1),
(1667, 'Hiroshima', 107, 'HI', 1),
(1668, 'Hokkaido', 107, 'HO', 1),
(1669, 'Hyogo', 107, 'HY', 1),
(1670, 'Ibaraki', 107, 'IB', 1),
(1671, 'Ishikawa', 107, 'IS', 1),
(1672, 'Iwate', 107, 'IW', 1),
(1673, 'Kagawa', 107, 'KA', 1),
(1674, 'Kagoshima', 107, 'KG', 1),
(1675, 'Kanagawa', 107, 'KN', 1),
(1676, 'Kochi', 107, 'KO', 1),
(1677, 'Kumamoto', 107, 'KU', 1),
(1678, 'Kyoto', 107, 'KY', 1),
(1679, 'Mie', 107, 'MI', 1),
(1680, 'Miyagi', 107, 'MY', 1),
(1681, 'Miyazaki', 107, 'MZ', 1),
(1682, 'Nagano', 107, 'NA', 1),
(1683, 'Nagasaki', 107, 'NG', 1),
(1684, 'Nara', 107, 'NR', 1),
(1685, 'Niigata', 107, 'NI', 1),
(1686, 'Oita', 107, 'OI', 1),
(1687, 'Okayama', 107, 'OK', 1),
(1688, 'Okinawa', 107, 'ON', 1),
(1689, 'Osaka', 107, 'OS', 1),
(1690, 'Saga', 107, 'SA', 1),
(1691, 'Saitama', 107, 'SI', 1),
(1692, 'Shiga', 107, 'SH', 1),
(1693, 'Shimane', 107, 'SM', 1),
(1694, 'Shizuoka', 107, 'SZ', 1),
(1695, 'Tochigi', 107, 'TO', 1),
(1696, 'Tokushima', 107, 'TS', 1),
(1697, 'Tokyo', 107, 'TK', 1),
(1698, 'Tottori', 107, 'TT', 1),
(1699, 'Toyama', 107, 'TY', 1),
(1700, 'Wakayama', 107, 'WA', 1),
(1701, 'Yamagata', 107, 'YA', 1),
(1702, 'Yamaguchi', 107, 'YM', 1),
(1703, 'Yamanashi', 107, 'YN', 1),
(1704, '\'Amman', 108, 'AM', 1),
(1705, 'Ajlun', 108, 'AJ', 1),
(1706, 'Al \'Aqabah', 108, 'AA', 1),
(1707, 'Al Balqa\'', 108, 'AB', 1),
(1708, 'Al Karak', 108, 'AK', 1),
(1709, 'Al Mafraq', 108, 'AL', 1),
(1710, 'At Tafilah', 108, 'AT', 1),
(1711, 'Az Zarqa\'', 108, 'AZ', 1),
(1712, 'Irbid', 108, 'IR', 1),
(1713, 'Jarash', 108, 'JA', 1),
(1714, 'Ma\'an', 108, 'MA', 1),
(1715, 'Madaba', 108, 'MD', 1),
(1716, 'Almaty', 109, 'AL', 1),
(1717, 'Almaty City', 109, 'AC', 1),
(1718, 'Aqmola', 109, 'AM', 1),
(1719, 'Aqtobe', 109, 'AQ', 1),
(1720, 'Astana City', 109, 'AS', 1),
(1721, 'Atyrau', 109, 'AT', 1),
(1722, 'Batys Qazaqstan', 109, 'BA', 1),
(1723, 'Bayqongyr City', 109, 'BY', 1),
(1724, 'Mangghystau', 109, 'MA', 1),
(1725, 'Ongtustik Qazaqstan', 109, 'ON', 1),
(1726, 'Pavlodar', 109, 'PA', 1),
(1727, 'Qaraghandy', 109, 'QA', 1),
(1728, 'Qostanay', 109, 'QO', 1),
(1729, 'Qyzylorda', 109, 'QY', 1),
(1730, 'Shyghys Qazaqstan', 109, 'SH', 1),
(1731, 'Soltustik Qazaqstan', 109, 'SO', 1),
(1732, 'Zhambyl', 109, 'ZH', 1),
(1733, 'Central', 110, 'CE', 1),
(1734, 'Coast', 110, 'CO', 1),
(1735, 'Eastern', 110, 'EA', 1),
(1736, 'Nairobi Area', 110, 'NA', 1),
(1737, 'North Eastern', 110, 'NE', 1),
(1738, 'Nyanza', 110, 'NY', 1),
(1739, 'Rift Valley', 110, 'RV', 1),
(1740, 'Western', 110, 'WE', 1),
(1741, 'Abaiang', 111, 'AG', 1),
(1742, 'Abemama', 111, 'AM', 1),
(1743, 'Aranuka', 111, 'AK', 1),
(1744, 'Arorae', 111, 'AO', 1),
(1745, 'Banaba', 111, 'BA', 1),
(1746, 'Beru', 111, 'BE', 1),
(1747, 'Butaritari', 111, 'bT', 1),
(1748, 'Kanton', 111, 'KA', 1),
(1749, 'Kiritimati', 111, 'KR', 1),
(1750, 'Kuria', 111, 'KU', 1),
(1751, 'Maiana', 111, 'MI', 1),
(1752, 'Makin', 111, 'MN', 1),
(1753, 'Marakei', 111, 'ME', 1),
(1754, 'Nikunau', 111, 'NI', 1),
(1755, 'Nonouti', 111, 'NO', 1),
(1756, 'Onotoa', 111, 'ON', 1),
(1757, 'Tabiteuea', 111, 'TT', 1),
(1758, 'Tabuaeran', 111, 'TR', 1),
(1759, 'Tamana', 111, 'TM', 1),
(1760, 'Tarawa', 111, 'TW', 1),
(1761, 'Teraina', 111, 'TE', 1),
(1762, 'Chagang-do', 112, 'CHA', 1),
(1763, 'Hamgyong-bukto', 112, 'HAB', 1),
(1764, 'Hamgyong-namdo', 112, 'HAN', 1),
(1765, 'Hwanghae-bukto', 112, 'HWB', 1),
(1766, 'Hwanghae-namdo', 112, 'HWN', 1),
(1767, 'Kangwon-do', 112, 'KAN', 1),
(1768, 'P\'yongan-bukto', 112, 'PYB', 1),
(1769, 'P\'yongan-namdo', 112, 'PYN', 1),
(1770, 'Ryanggang-do (Yanggang-do)', 112, 'YAN', 1),
(1771, 'Rason Directly Governed City', 112, 'NAJ', 1),
(1772, 'P\'yongyang Special City', 112, 'PYO', 1),
(1773, 'Ch\'ungch\'ong-bukto', 113, 'CO', 1),
(1774, 'Ch\'ungch\'ong-namdo', 113, 'CH', 1),
(1775, 'Cheju-do', 113, 'CD', 1),
(1776, 'Cholla-bukto', 113, 'CB', 1),
(1777, 'Cholla-namdo', 113, 'CN', 1),
(1778, 'Inch\'on-gwangyoksi', 113, 'IG', 1),
(1779, 'Kangwon-do', 113, 'KA', 1),
(1780, 'Kwangju-gwangyoksi', 113, 'KG', 1),
(1781, 'Kyonggi-do', 113, 'KD', 1),
(1782, 'Kyongsang-bukto', 113, 'KB', 1),
(1783, 'Kyongsang-namdo', 113, 'KN', 1),
(1784, 'Pusan-gwangyoksi', 113, 'PG', 1),
(1785, 'Soul-t\'ukpyolsi', 113, 'SO', 1),
(1786, 'Taegu-gwangyoksi', 113, 'TA', 1),
(1787, 'Taejon-gwangyoksi', 113, 'TG', 1),
(1788, 'Al \'Asimah', 114, 'AL', 1),
(1789, 'Al Ahmadi', 114, 'AA', 1),
(1790, 'Al Farwaniyah', 114, 'AF', 1),
(1791, 'Al Jahra\'', 114, 'AJ', 1),
(1792, 'Hawalli', 114, 'HA', 1),
(1793, 'Bishkek', 115, 'GB', 1),
(1794, 'Batken', 115, 'B', 1),
(1795, 'Chu', 115, 'C', 1),
(1796, 'Jalal-Abad', 115, 'J', 1),
(1797, 'Naryn', 115, 'N', 1),
(1798, 'Osh', 115, 'O', 1),
(1799, 'Talas', 115, 'T', 1),
(1800, 'Ysyk-Kol', 115, 'Y', 1),
(1801, 'Vientiane', 116, 'VT', 1),
(1802, 'Attapu', 116, 'AT', 1),
(1803, 'Bokeo', 116, 'BK', 1),
(1804, 'Bolikhamxai', 116, 'BL', 1),
(1805, 'Champasak', 116, 'CH', 1),
(1806, 'Houaphan', 116, 'HO', 1),
(1807, 'Khammouan', 116, 'KH', 1),
(1808, 'Louang Namtha', 116, 'LM', 1),
(1809, 'Louangphabang', 116, 'LP', 1),
(1810, 'Oudomxai', 116, 'OU', 1),
(1811, 'Phongsali', 116, 'PH', 1),
(1812, 'Salavan', 116, 'SL', 1),
(1813, 'Savannakhet', 116, 'SV', 1),
(1814, 'Vientiane', 116, 'VI', 1),
(1815, 'Xaignabouli', 116, 'XA', 1),
(1816, 'Xekong', 116, 'XE', 1),
(1817, 'Xiangkhoang', 116, 'XI', 1),
(1818, 'Xaisomboun', 116, 'XN', 1),
(1852, 'Berea', 119, 'BE', 1),
(1853, 'Butha-Buthe', 119, 'BB', 1),
(1854, 'Leribe', 119, 'LE', 1),
(1855, 'Mafeteng', 119, 'MF', 1),
(1856, 'Maseru', 119, 'MS', 1),
(1857, 'Mohale\'s Hoek', 119, 'MH', 1),
(1858, 'Mokhotlong', 119, 'MK', 1),
(1859, 'Qacha\'s Nek', 119, 'QN', 1),
(1860, 'Quthing', 119, 'QT', 1),
(1861, 'Thaba-Tseka', 119, 'TT', 1),
(1862, 'Bomi', 120, 'BI', 1),
(1863, 'Bong', 120, 'BG', 1),
(1864, 'Grand Bassa', 120, 'GB', 1),
(1865, 'Grand Cape Mount', 120, 'CM', 1),
(1866, 'Grand Gedeh', 120, 'GG', 1),
(1867, 'Grand Kru', 120, 'GK', 1),
(1868, 'Lofa', 120, 'LO', 1),
(1869, 'Margibi', 120, 'MG', 1),
(1870, 'Maryland', 120, 'ML', 1),
(1871, 'Montserrado', 120, 'MS', 1),
(1872, 'Nimba', 120, 'NB', 1),
(1873, 'River Cess', 120, 'RC', 1),
(1874, 'Sinoe', 120, 'SN', 1),
(1875, 'Ajdabiya', 121, 'AJ', 1),
(1876, 'Al \'Aziziyah', 121, 'AZ', 1),
(1877, 'Al Fatih', 121, 'FA', 1),
(1878, 'Al Jabal al Akhdar', 121, 'JA', 1),
(1879, 'Al Jufrah', 121, 'JU', 1),
(1880, 'Al Khums', 121, 'KH', 1),
(1881, 'Al Kufrah', 121, 'KU', 1),
(1882, 'An Nuqat al Khams', 121, 'NK', 1),
(1883, 'Ash Shati\'', 121, 'AS', 1),
(1884, 'Awbari', 121, 'AW', 1),
(1885, 'Az Zawiyah', 121, 'ZA', 1),
(1886, 'Banghazi', 121, 'BA', 1),
(1887, 'Darnah', 121, 'DA', 1),
(1888, 'Ghadamis', 121, 'GD', 1),
(1889, 'Gharyan', 121, 'GY', 1),
(1890, 'Misratah', 121, 'MI', 1),
(1891, 'Murzuq', 121, 'MZ', 1),
(1892, 'Sabha', 121, 'SB', 1),
(1893, 'Sawfajjin', 121, 'SW', 1),
(1894, 'Surt', 121, 'SU', 1),
(1895, 'Tarabulus (Tripoli)', 121, 'TL', 1),
(1896, 'Tarhunah', 121, 'TH', 1),
(1897, 'Tubruq', 121, 'TU', 1),
(1898, 'Yafran', 121, 'YA', 1),
(1899, 'Zlitan', 121, 'ZL', 1),
(1900, 'Vaduz', 122, 'V', 1),
(1901, 'Schaan', 122, 'A', 1),
(1902, 'Balzers', 122, 'B', 1),
(1903, 'Triesen', 122, 'N', 1),
(1904, 'Eschen', 122, 'E', 1),
(1905, 'Mauren', 122, 'M', 1),
(1906, 'Triesenberg', 122, 'T', 1),
(1907, 'Ruggell', 122, 'R', 1),
(1908, 'Gamprin', 122, 'G', 1),
(1909, 'Schellenberg', 122, 'L', 1),
(1910, 'Planken', 122, 'P', 1),
(1911, 'Alytus', 123, 'AL', 1),
(1912, 'Kaunas', 123, 'KA', 1),
(1913, 'Klaipeda', 123, 'KL', 1),
(1914, 'Marijampole', 123, 'MA', 1),
(1915, 'Panevezys', 123, 'PA', 1),
(1916, 'Siauliai', 123, 'SI', 1),
(1917, 'Taurage', 123, 'TA', 1),
(1918, 'Telsiai', 123, 'TE', 1),
(1919, 'Utena', 123, 'UT', 1),
(1920, 'Vilnius', 123, 'VI', 1),
(1921, 'Diekirch', 124, 'DD', 1),
(1922, 'Clervaux', 124, 'DC', 1),
(1923, 'Redange', 124, 'DR', 1),
(1924, 'Vianden', 124, 'DV', 1),
(1925, 'Wiltz', 124, 'DW', 1),
(1926, 'Grevenmacher', 124, 'GG', 1),
(1927, 'Echternach', 124, 'GE', 1),
(1928, 'Remich', 124, 'GR', 1),
(1929, 'Luxembourg', 124, 'LL', 1),
(1930, 'Capellen', 124, 'LC', 1),
(1931, 'Esch-sur-Alzette', 124, 'LE', 1),
(1932, 'Mersch', 124, 'LM', 1),
(1933, 'Our Lady Fatima Parish', 125, 'OLF', 1),
(1934, 'St. Anthony Parish', 125, 'ANT', 1),
(1935, 'St. Lazarus Parish', 125, 'LAZ', 1),
(1936, 'Cathedral Parish', 125, 'CAT', 1),
(1937, 'St. Lawrence Parish', 125, 'LAW', 1),
(1938, 'Antananarivo', 127, 'AN', 1),
(1939, 'Antsiranana', 127, 'AS', 1),
(1940, 'Fianarantsoa', 127, 'FN', 1),
(1941, 'Mahajanga', 127, 'MJ', 1),
(1942, 'Toamasina', 127, 'TM', 1),
(1943, 'Toliara', 127, 'TL', 1),
(1944, 'Balaka', 128, 'BLK', 1),
(1945, 'Blantyre', 128, 'BLT', 1),
(1946, 'Chikwawa', 128, 'CKW', 1),
(1947, 'Chiradzulu', 128, 'CRD', 1),
(1948, 'Chitipa', 128, 'CTP', 1),
(1949, 'Dedza', 128, 'DDZ', 1),
(1950, 'Dowa', 128, 'DWA', 1),
(1951, 'Karonga', 128, 'KRG', 1),
(1952, 'Kasungu', 128, 'KSG', 1),
(1953, 'Likoma', 128, 'LKM', 1),
(1954, 'Lilongwe', 128, 'LLG', 1),
(1955, 'Machinga', 128, 'MCG', 1),
(1956, 'Mangochi', 128, 'MGC', 1),
(1957, 'Mchinji', 128, 'MCH', 1),
(1958, 'Mulanje', 128, 'MLJ', 1),
(1959, 'Mwanza', 128, 'MWZ', 1),
(1960, 'Mzimba', 128, 'MZM', 1),
(1961, 'Ntcheu', 128, 'NTU', 1),
(1962, 'Nkhata Bay', 128, 'NKB', 1),
(1963, 'Nkhotakota', 128, 'NKH', 1),
(1964, 'Nsanje', 128, 'NSJ', 1),
(1965, 'Ntchisi', 128, 'NTI', 1),
(1966, 'Phalombe', 128, 'PHL', 1),
(1967, 'Rumphi', 128, 'RMP', 1),
(1968, 'Salima', 128, 'SLM', 1),
(1969, 'Thyolo', 128, 'THY', 1),
(1970, 'Zomba', 128, 'ZBA', 1),
(1971, 'Johor', 129, 'MY-01', 1),
(1972, 'Kedah', 129, 'MY-02', 1),
(1973, 'Kelantan', 129, 'MY-03', 1),
(1974, 'Labuan', 129, 'MY-15', 1),
(1975, 'Melaka', 129, 'MY-04', 1),
(1976, 'Negeri Sembilan', 129, 'MY-05', 1),
(1977, 'Pahang', 129, 'MY-06', 1),
(1978, 'Perak', 129, 'MY-08', 1),
(1979, 'Perlis', 129, 'MY-09', 1),
(1980, 'Pulau Pinang', 129, 'MY-07', 1),
(1981, 'Sabah', 129, 'MY-12', 1),
(1982, 'Sarawak', 129, 'MY-13', 1),
(1983, 'Selangor', 129, 'MY-10', 1),
(1984, 'Terengganu', 129, 'MY-11', 1),
(1985, 'Kuala Lumpur', 129, 'MY-14', 1),
(1986, 'Thiladhunmathi Uthuru', 130, 'THU', 1),
(1987, 'Thiladhunmathi Dhekunu', 130, 'THD', 1),
(1988, 'Miladhunmadulu Uthuru', 130, 'MLU', 1),
(1989, 'Miladhunmadulu Dhekunu', 130, 'MLD', 1),
(1990, 'Maalhosmadulu Uthuru', 130, 'MAU', 1),
(1991, 'Maalhosmadulu Dhekunu', 130, 'MAD', 1),
(1992, 'Faadhippolhu', 130, 'FAA', 1),
(1993, 'Male Atoll', 130, 'MAA', 1),
(1994, 'Ari Atoll Uthuru', 130, 'AAU', 1),
(1995, 'Ari Atoll Dheknu', 130, 'AAD', 1),
(1996, 'Felidhe Atoll', 130, 'FEA', 1),
(1997, 'Mulaku Atoll', 130, 'MUA', 1),
(1998, 'Nilandhe Atoll Uthuru', 130, 'NAU', 1),
(1999, 'Nilandhe Atoll Dhekunu', 130, 'NAD', 1),
(2000, 'Kolhumadulu', 130, 'KLH', 1),
(2001, 'Hadhdhunmathi', 130, 'HDH', 1),
(2002, 'Huvadhu Atoll Uthuru', 130, 'HAU', 1),
(2003, 'Huvadhu Atoll Dhekunu', 130, 'HAD', 1),
(2004, 'Fua Mulaku', 130, 'FMU', 1),
(2005, 'Addu', 130, 'ADD', 1),
(2006, 'Gao', 131, 'GA', 1),
(2007, 'Kayes', 131, 'KY', 1),
(2008, 'Kidal', 131, 'KD', 1),
(2009, 'Koulikoro', 131, 'KL', 1),
(2010, 'Mopti', 131, 'MP', 1),
(2011, 'Segou', 131, 'SG', 1),
(2012, 'Sikasso', 131, 'SK', 1),
(2013, 'Tombouctou', 131, 'TB', 1),
(2014, 'Bamako Capital District', 131, 'CD', 1),
(2015, 'Attard', 132, 'ATT', 1),
(2016, 'Balzan', 132, 'BAL', 1),
(2017, 'Birgu', 132, 'BGU', 1),
(2018, 'Birkirkara', 132, 'BKK', 1),
(2019, 'Birzebbuga', 132, 'BRZ', 1),
(2020, 'Bormla', 132, 'BOR', 1),
(2021, 'Dingli', 132, 'DIN', 1),
(2022, 'Fgura', 132, 'FGU', 1),
(2023, 'Floriana', 132, 'FLO', 1),
(2024, 'Gudja', 132, 'GDJ', 1),
(2025, 'Gzira', 132, 'GZR', 1),
(2026, 'Gargur', 132, 'GRG', 1),
(2027, 'Gaxaq', 132, 'GXQ', 1),
(2028, 'Hamrun', 132, 'HMR', 1),
(2029, 'Iklin', 132, 'IKL', 1),
(2030, 'Isla', 132, 'ISL', 1),
(2031, 'Kalkara', 132, 'KLK', 1),
(2032, 'Kirkop', 132, 'KRK', 1),
(2033, 'Lija', 132, 'LIJ', 1),
(2034, 'Luqa', 132, 'LUQ', 1),
(2035, 'Marsa', 132, 'MRS', 1),
(2036, 'Marsaskala', 132, 'MKL', 1),
(2037, 'Marsaxlokk', 132, 'MXL', 1),
(2038, 'Mdina', 132, 'MDN', 1),
(2039, 'Melliea', 132, 'MEL', 1),
(2040, 'Mgarr', 132, 'MGR', 1),
(2041, 'Mosta', 132, 'MST', 1),
(2042, 'Mqabba', 132, 'MQA', 1),
(2043, 'Msida', 132, 'MSI', 1),
(2044, 'Mtarfa', 132, 'MTF', 1),
(2045, 'Naxxar', 132, 'NAX', 1),
(2046, 'Paola', 132, 'PAO', 1),
(2047, 'Pembroke', 132, 'PEM', 1),
(2048, 'Pieta', 132, 'PIE', 1),
(2049, 'Qormi', 132, 'QOR', 1),
(2050, 'Qrendi', 132, 'QRE', 1),
(2051, 'Rabat', 132, 'RAB', 1),
(2052, 'Safi', 132, 'SAF', 1),
(2053, 'San Giljan', 132, 'SGI', 1),
(2054, 'Santa Lucija', 132, 'SLU', 1),
(2055, 'San Pawl il-Bahar', 132, 'SPB', 1),
(2056, 'San Gwann', 132, 'SGW', 1),
(2057, 'Santa Venera', 132, 'SVE', 1),
(2058, 'Siggiewi', 132, 'SIG', 1),
(2059, 'Sliema', 132, 'SLM', 1),
(2060, 'Swieqi', 132, 'SWQ', 1),
(2061, 'Ta Xbiex', 132, 'TXB', 1),
(2062, 'Tarxien', 132, 'TRX', 1),
(2063, 'Valletta', 132, 'VLT', 1),
(2064, 'Xgajra', 132, 'XGJ', 1),
(2065, 'Zabbar', 132, 'ZBR', 1),
(2066, 'Zebbug', 132, 'ZBG', 1),
(2067, 'Zejtun', 132, 'ZJT', 1),
(2068, 'Zurrieq', 132, 'ZRQ', 1),
(2069, 'Fontana', 132, 'FNT', 1),
(2070, 'Ghajnsielem', 132, 'GHJ', 1),
(2071, 'Gharb', 132, 'GHR', 1),
(2072, 'Ghasri', 132, 'GHS', 1),
(2073, 'Kercem', 132, 'KRC', 1),
(2074, 'Munxar', 132, 'MUN', 1),
(2075, 'Nadur', 132, 'NAD', 1),
(2076, 'Qala', 132, 'QAL', 1),
(2077, 'Victoria', 132, 'VIC', 1),
(2078, 'San Lawrenz', 132, 'SLA', 1),
(2079, 'Sannat', 132, 'SNT', 1),
(2080, 'Xagra', 132, 'ZAG', 1),
(2081, 'Xewkija', 132, 'XEW', 1),
(2082, 'Zebbug', 132, 'ZEB', 1),
(2083, 'Ailinginae', 133, 'ALG', 1),
(2084, 'Ailinglaplap', 133, 'ALL', 1),
(2085, 'Ailuk', 133, 'ALK', 1),
(2086, 'Arno', 133, 'ARN', 1),
(2087, 'Aur', 133, 'AUR', 1),
(2088, 'Bikar', 133, 'BKR', 1),
(2089, 'Bikini', 133, 'BKN', 1),
(2090, 'Bokak', 133, 'BKK', 1),
(2091, 'Ebon', 133, 'EBN', 1),
(2092, 'Enewetak', 133, 'ENT', 1),
(2093, 'Erikub', 133, 'EKB', 1),
(2094, 'Jabat', 133, 'JBT', 1),
(2095, 'Jaluit', 133, 'JLT', 1),
(2096, 'Jemo', 133, 'JEM', 1),
(2097, 'Kili', 133, 'KIL', 1),
(2098, 'Kwajalein', 133, 'KWJ', 1),
(2099, 'Lae', 133, 'LAE', 1),
(2100, 'Lib', 133, 'LIB', 1),
(2101, 'Likiep', 133, 'LKP', 1),
(2102, 'Majuro', 133, 'MJR', 1),
(2103, 'Maloelap', 133, 'MLP', 1),
(2104, 'Mejit', 133, 'MJT', 1),
(2105, 'Mili', 133, 'MIL', 1),
(2106, 'Namorik', 133, 'NMK', 1),
(2107, 'Namu', 133, 'NAM', 1),
(2108, 'Rongelap', 133, 'RGL', 1),
(2109, 'Rongrik', 133, 'RGK', 1),
(2110, 'Toke', 133, 'TOK', 1),
(2111, 'Ujae', 133, 'UJA', 1),
(2112, 'Ujelang', 133, 'UJL', 1),
(2113, 'Utirik', 133, 'UTK', 1),
(2114, 'Wotho', 133, 'WTH', 1),
(2115, 'Wotje', 133, 'WTJ', 1),
(2116, 'Adrar', 135, 'AD', 1),
(2117, 'Assaba', 135, 'AS', 1),
(2118, 'Brakna', 135, 'BR', 1),
(2119, 'Dakhlet Nouadhibou', 135, 'DN', 1),
(2120, 'Gorgol', 135, 'GO', 1),
(2121, 'Guidimaka', 135, 'GM', 1),
(2122, 'Hodh Ech Chargui', 135, 'HC', 1),
(2123, 'Hodh El Gharbi', 135, 'HG', 1),
(2124, 'Inchiri', 135, 'IN', 1),
(2125, 'Tagant', 135, 'TA', 1),
(2126, 'Tiris Zemmour', 135, 'TZ', 1),
(2127, 'Trarza', 135, 'TR', 1),
(2128, 'Nouakchott', 135, 'NO', 1),
(2129, 'Beau Bassin-Rose Hill', 136, 'BR', 1),
(2130, 'Curepipe', 136, 'CU', 1),
(2131, 'Port Louis', 136, 'PU', 1),
(2132, 'Quatre Bornes', 136, 'QB', 1),
(2133, 'Vacoas-Phoenix', 136, 'VP', 1),
(2134, 'Agalega Islands', 136, 'AG', 1),
(2135, 'Cargados Carajos Shoals (Saint Brandon Islands)', 136, 'CC', 1),
(2136, 'Rodrigues', 136, 'RO', 1),
(2137, 'Black River', 136, 'BL', 1),
(2138, 'Flacq', 136, 'FL', 1),
(2139, 'Grand Port', 136, 'GP', 1),
(2140, 'Moka', 136, 'MO', 1),
(2141, 'Pamplemousses', 136, 'PA', 1),
(2142, 'Plaines Wilhems', 136, 'PW', 1),
(2143, 'Port Louis', 136, 'PL', 1),
(2144, 'Riviere du Rempart', 136, 'RR', 1),
(2145, 'Savanne', 136, 'SA', 1),
(2146, 'Baja California Norte', 138, 'BN', 1),
(2147, 'Baja California Sur', 138, 'BS', 1),
(2148, 'Campeche', 138, 'CA', 1),
(2149, 'Chiapas', 138, 'CI', 1),
(2150, 'Chihuahua', 138, 'CH', 1),
(2151, 'Coahuila de Zaragoza', 138, 'CZ', 1),
(2152, 'Colima', 138, 'CL', 1),
(2153, 'Distrito Federal', 138, 'DF', 1),
(2154, 'Durango', 138, 'DU', 1),
(2155, 'Guanajuato', 138, 'GA', 1),
(2156, 'Guerrero', 138, 'GE', 1),
(2157, 'Hidalgo', 138, 'HI', 1),
(2158, 'Jalisco', 138, 'JA', 1),
(2159, 'Mexico', 138, 'ME', 1),
(2160, 'Michoacan de Ocampo', 138, 'MI', 1),
(2161, 'Morelos', 138, 'MO', 1),
(2162, 'Nayarit', 138, 'NA', 1),
(2163, 'Nuevo Leon', 138, 'NL', 1),
(2164, 'Oaxaca', 138, 'OA', 1),
(2165, 'Puebla', 138, 'PU', 1),
(2166, 'Queretaro de Arteaga', 138, 'QA', 1),
(2167, 'Quintana Roo', 138, 'QR', 1),
(2168, 'San Luis Potosi', 138, 'SA', 1),
(2169, 'Sinaloa', 138, 'SI', 1),
(2170, 'Sonora', 138, 'SO', 1),
(2171, 'Tabasco', 138, 'TB', 1),
(2172, 'Tamaulipas', 138, 'TM', 1),
(2173, 'Tlaxcala', 138, 'TL', 1),
(2174, 'Veracruz-Llave', 138, 'VE', 1),
(2175, 'Yucatan', 138, 'YU', 1),
(2176, 'Zacatecas', 138, 'ZA', 1),
(2177, 'Chuuk', 139, 'C', 1),
(2178, 'Kosrae', 139, 'K', 1),
(2179, 'Pohnpei', 139, 'P', 1),
(2180, 'Yap', 139, 'Y', 1),
(2181, 'Gagauzia', 140, 'GA', 1),
(2182, 'Chisinau', 140, 'CU', 1),
(2183, 'Balti', 140, 'BA', 1),
(2184, 'Cahul', 140, 'CA', 1),
(2185, 'Edinet', 140, 'ED', 1),
(2186, 'Lapusna', 140, 'LA', 1),
(2187, 'Orhei', 140, 'OR', 1),
(2188, 'Soroca', 140, 'SO', 1),
(2189, 'Tighina', 140, 'TI', 1),
(2190, 'Ungheni', 140, 'UN', 1),
(2191, 'St‚nga Nistrului', 140, 'SN', 1),
(2192, 'Fontvieille', 141, 'FV', 1),
(2193, 'La Condamine', 141, 'LC', 1),
(2194, 'Monaco-Ville', 141, 'MV', 1),
(2195, 'Monte-Carlo', 141, 'MC', 1),
(2196, 'Ulanbaatar', 142, '1', 1),
(2197, 'Orhon', 142, '035', 1),
(2198, 'Darhan uul', 142, '037', 1),
(2199, 'Hentiy', 142, '039', 1),
(2200, 'Hovsgol', 142, '041', 1),
(2201, 'Hovd', 142, '043', 1),
(2202, 'Uvs', 142, '046', 1),
(2203, 'Tov', 142, '047', 1),
(2204, 'Selenge', 142, '049', 1),
(2205, 'Suhbaatar', 142, '051', 1),
(2206, 'Omnogovi', 142, '053', 1),
(2207, 'Ovorhangay', 142, '055', 1),
(2208, 'Dzavhan', 142, '057', 1),
(2209, 'DundgovL', 142, '059', 1),
(2210, 'Dornod', 142, '061', 1),
(2211, 'Dornogov', 142, '063', 1),
(2212, 'Govi-Sumber', 142, '064', 1),
(2213, 'Govi-Altay', 142, '065', 1),
(2214, 'Bulgan', 142, '067', 1),
(2215, 'Bayanhongor', 142, '069', 1),
(2216, 'Bayan-Olgiy', 142, '071', 1),
(2217, 'Arhangay', 142, '073', 1),
(2218, 'Saint Anthony', 143, 'A', 1),
(2219, 'Saint Georges', 143, 'G', 1),
(2220, 'Saint Peter', 143, 'P', 1),
(2221, 'Agadir', 144, 'AGD', 1),
(2222, 'Al Hoceima', 144, 'HOC', 1),
(2223, 'Azilal', 144, 'AZI', 1),
(2224, 'Beni Mellal', 144, 'BME', 1),
(2225, 'Ben Slimane', 144, 'BSL', 1),
(2226, 'Boulemane', 144, 'BLM', 1),
(2227, 'Casablanca', 144, 'CBL', 1),
(2228, 'Chaouen', 144, 'CHA', 1),
(2229, 'El Jadida', 144, 'EJA', 1),
(2230, 'El Kelaa des Sraghna', 144, 'EKS', 1),
(2231, 'Er Rachidia', 144, 'ERA', 1),
(2232, 'Essaouira', 144, 'ESS', 1),
(2233, 'Fes', 144, 'FES', 1),
(2234, 'Figuig', 144, 'FIG', 1),
(2235, 'Guelmim', 144, 'GLM', 1),
(2236, 'Ifrane', 144, 'IFR', 1),
(2237, 'Kenitra', 144, 'KEN', 1),
(2238, 'Khemisset', 144, 'KHM', 1),
(2239, 'Khenifra', 144, 'KHN', 1),
(2240, 'Khouribga', 144, 'KHO', 1),
(2241, 'Laayoune', 144, 'LYN', 1),
(2242, 'Larache', 144, 'LAR', 1),
(2243, 'Marrakech', 144, 'MRK', 1),
(2244, 'Meknes', 144, 'MKN', 1),
(2245, 'Nador', 144, 'NAD', 1),
(2246, 'Ouarzazate', 144, 'ORZ', 1),
(2247, 'Oujda', 144, 'OUJ', 1),
(2248, 'Rabat-Sale', 144, 'RSA', 1),
(2249, 'Safi', 144, 'SAF', 1),
(2250, 'Settat', 144, 'SET', 1),
(2251, 'Sidi Kacem', 144, 'SKA', 1),
(2252, 'Tangier', 144, 'TGR', 1),
(2253, 'Tan-Tan', 144, 'TAN', 1),
(2254, 'Taounate', 144, 'TAO', 1),
(2255, 'Taroudannt', 144, 'TRD', 1),
(2256, 'Tata', 144, 'TAT', 1),
(2257, 'Taza', 144, 'TAZ', 1),
(2258, 'Tetouan', 144, 'TET', 1),
(2259, 'Tiznit', 144, 'TIZ', 1),
(2260, 'Ad Dakhla', 144, 'ADK', 1),
(2261, 'Boujdour', 144, 'BJD', 1),
(2262, 'Es Smara', 144, 'ESM', 1),
(2263, 'Cabo Delgado', 145, 'CD', 1),
(2264, 'Gaza', 145, 'GZ', 1),
(2265, 'Inhambane', 145, 'IN', 1),
(2266, 'Manica', 145, 'MN', 1),
(2267, 'Maputo (city)', 145, 'MC', 1),
(2268, 'Maputo', 145, 'MP', 1),
(2269, 'Nampula', 145, 'NA', 1),
(2270, 'Niassa', 145, 'NI', 1),
(2271, 'Sofala', 145, 'SO', 1),
(2272, 'Tete', 145, 'TE', 1),
(2273, 'Zambezia', 145, 'ZA', 1),
(2274, 'Ayeyarwady', 146, 'AY', 1),
(2275, 'Bago', 146, 'BG', 1),
(2276, 'Magway', 146, 'MG', 1),
(2277, 'Mandalay', 146, 'MD', 1),
(2278, 'Sagaing', 146, 'SG', 1),
(2279, 'Tanintharyi', 146, 'TN', 1),
(2280, 'Yangon', 146, 'YG', 1),
(2281, 'Chin State', 146, 'CH', 1),
(2282, 'Kachin State', 146, 'KC', 1),
(2283, 'Kayah State', 146, 'KH', 1),
(2284, 'Kayin State', 146, 'KN', 1),
(2285, 'Mon State', 146, 'MN', 1),
(2286, 'Rakhine State', 146, 'RK', 1),
(2287, 'Shan State', 146, 'SH', 1),
(2288, 'Caprivi', 147, 'CA', 1),
(2289, 'Erongo', 147, 'ER', 1),
(2290, 'Hardap', 147, 'HA', 1),
(2291, 'Karas', 147, 'KR', 1),
(2292, 'Kavango', 147, 'KV', 1),
(2293, 'Khomas', 147, 'KH', 1),
(2294, 'Kunene', 147, 'KU', 1),
(2295, 'Ohangwena', 147, 'OW', 1),
(2296, 'Omaheke', 147, 'OK', 1),
(2297, 'Omusati', 147, 'OT', 1),
(2298, 'Oshana', 147, 'ON', 1),
(2299, 'Oshikoto', 147, 'OO', 1),
(2300, 'Otjozondjupa', 147, 'OJ', 1),
(2301, 'Aiwo', 148, 'AO', 1),
(2302, 'Anabar', 148, 'AA', 1),
(2303, 'Anetan', 148, 'AT', 1),
(2304, 'Anibare', 148, 'AI', 1),
(2305, 'Baiti', 148, 'BA', 1),
(2306, 'Boe', 148, 'BO', 1),
(2307, 'Buada', 148, 'BU', 1),
(2308, 'Denigomodu', 148, 'DE', 1),
(2309, 'Ewa', 148, 'EW', 1),
(2310, 'Ijuw', 148, 'IJ', 1),
(2311, 'Meneng', 148, 'ME', 1),
(2312, 'Nibok', 148, 'NI', 1),
(2313, 'Uaboe', 148, 'UA', 1),
(2314, 'Yaren', 148, 'YA', 1),
(2315, 'Bagmati', 149, 'BA', 1),
(2316, 'Bheri', 149, 'BH', 1),
(2317, 'Dhawalagiri', 149, 'DH', 1),
(2318, 'Gandaki', 149, 'GA', 1),
(2319, 'Janakpur', 149, 'JA', 1),
(2320, 'Karnali', 149, 'KA', 1),
(2321, 'Kosi', 149, 'KO', 1),
(2322, 'Lumbini', 149, 'LU', 1),
(2323, 'Mahakali', 149, 'MA', 1),
(2324, 'Mechi', 149, 'ME', 1),
(2325, 'Narayani', 149, 'NA', 1),
(2326, 'Rapti', 149, 'RA', 1),
(2327, 'Sagarmatha', 149, 'SA', 1),
(2328, 'Seti', 149, 'SE', 1),
(2329, 'Drenthe', 150, 'DR', 1),
(2330, 'Flevoland', 150, 'FL', 1),
(2331, 'Friesland', 150, 'FR', 1),
(2332, 'Gelderland', 150, 'GE', 1),
(2333, 'Groningen', 150, 'GR', 1),
(2334, 'Limburg', 150, 'LI', 1),
(2335, 'Noord-Brabant', 150, 'NB', 1),
(2336, 'Noord-Holland', 150, 'NH', 1),
(2337, 'Overijssel', 150, 'OV', 1),
(2338, 'Utrecht', 150, 'UT', 1),
(2339, 'Zeeland', 150, 'ZE', 1),
(2340, 'Zuid-Holland', 150, 'ZH', 1),
(2341, 'Iles Loyaute', 152, 'L', 1),
(2342, 'Nord', 152, 'N', 1),
(2343, 'Sud', 152, 'S', 1),
(2344, 'Auckland', 153, 'AUK', 1),
(2345, 'Bay of Plenty', 153, 'BOP', 1),
(2346, 'Canterbury', 153, 'CAN', 1),
(2347, 'Coromandel', 153, 'COR', 1),
(2348, 'Gisborne', 153, 'GIS', 1),
(2349, 'Fiordland', 153, 'FIO', 1),
(2350, 'Hawke\'s Bay', 153, 'HKB', 1),
(2351, 'Marlborough', 153, 'MBH', 1),
(2352, 'Manawatu-Wanganui', 153, 'MWT', 1),
(2353, 'Mt Cook-Mackenzie', 153, 'MCM', 1),
(2354, 'Nelson', 153, 'NSN', 1),
(2355, 'Northland', 153, 'NTL', 1),
(2356, 'Otago', 153, 'OTA', 1),
(2357, 'Southland', 153, 'STL', 1),
(2358, 'Taranaki', 153, 'TKI', 1),
(2359, 'Wellington', 153, 'WGN', 1),
(2360, 'Waikato', 153, 'WKO', 1),
(2361, 'Wairarapa', 153, 'WAI', 1),
(2362, 'West Coast', 153, 'WTC', 1),
(2363, 'Atlantico Norte', 154, 'AN', 1),
(2364, 'Atlantico Sur', 154, 'AS', 1),
(2365, 'Boaco', 154, 'BO', 1),
(2366, 'Carazo', 154, 'CA', 1),
(2367, 'Chinandega', 154, 'CI', 1),
(2368, 'Chontales', 154, 'CO', 1),
(2369, 'Esteli', 154, 'ES', 1),
(2370, 'Granada', 154, 'GR', 1),
(2371, 'Jinotega', 154, 'JI', 1),
(2372, 'Leon', 154, 'LE', 1),
(2373, 'Madriz', 154, 'MD', 1),
(2374, 'Managua', 154, 'MN', 1),
(2375, 'Masaya', 154, 'MS', 1),
(2376, 'Matagalpa', 154, 'MT', 1),
(2377, 'Nuevo Segovia', 154, 'NS', 1),
(2378, 'Rio San Juan', 154, 'RS', 1),
(2379, 'Rivas', 154, 'RI', 1),
(2380, 'Agadez', 155, 'AG', 1),
(2381, 'Diffa', 155, 'DF', 1),
(2382, 'Dosso', 155, 'DS', 1),
(2383, 'Maradi', 155, 'MA', 1),
(2384, 'Niamey', 155, 'NM', 1),
(2385, 'Tahoua', 155, 'TH', 1),
(2386, 'Tillaberi', 155, 'TL', 1),
(2387, 'Zinder', 155, 'ZD', 1),
(2388, 'Abia', 156, 'AB', 1),
(2389, 'Abuja Federal Capital Territory', 156, 'CT', 1),
(2390, 'Adamawa', 156, 'AD', 1),
(2391, 'Akwa Ibom', 156, 'AK', 1),
(2392, 'Anambra', 156, 'AN', 1),
(2393, 'Bauchi', 156, 'BC', 1),
(2394, 'Bayelsa', 156, 'BY', 1),
(2395, 'Benue', 156, 'BN', 1),
(2396, 'Borno', 156, 'BO', 1),
(2397, 'Cross River', 156, 'CR', 1),
(2398, 'Delta', 156, 'DE', 1),
(2399, 'Ebonyi', 156, 'EB', 1),
(2400, 'Edo', 156, 'ED', 1),
(2401, 'Ekiti', 156, 'EK', 1),
(2402, 'Enugu', 156, 'EN', 1),
(2403, 'Gombe', 156, 'GO', 1),
(2404, 'Imo', 156, 'IM', 1),
(2405, 'Jigawa', 156, 'JI', 1),
(2406, 'Kaduna', 156, 'KD', 1),
(2407, 'Kano', 156, 'KN', 1),
(2408, 'Katsina', 156, 'KT', 1),
(2409, 'Kebbi', 156, 'KE', 1),
(2410, 'Kogi', 156, 'KO', 1),
(2411, 'Kwara', 156, 'KW', 1),
(2412, 'Lagos', 156, 'LA', 1),
(2413, 'Nassarawa', 156, 'NA', 1),
(2414, 'Niger', 156, 'NI', 1),
(2415, 'Ogun', 156, 'OG', 1),
(2416, 'Ondo', 156, 'ONG', 1),
(2417, 'Osun', 156, 'OS', 1),
(2418, 'Oyo', 156, 'OY', 1),
(2419, 'Plateau', 156, 'PL', 1),
(2420, 'Rivers', 156, 'RI', 1),
(2421, 'Sokoto', 156, 'SO', 1),
(2422, 'Taraba', 156, 'TA', 1),
(2423, 'Yobe', 156, 'YO', 1),
(2424, 'Zamfara', 156, 'ZA', 1),
(2425, 'Northern Islands', 159, 'N', 1),
(2426, 'Rota', 159, 'R', 1),
(2427, 'Saipan', 159, 'S', 1),
(2428, 'Tinian', 159, 'T', 1),
(2429, 'Akershus', 160, 'AK', 1),
(2430, 'Aust-Agder', 160, 'AA', 1),
(2431, 'Buskerud', 160, 'BU', 1),
(2432, 'Finnmark', 160, 'FM', 1),
(2433, 'Hedmark', 160, 'HM', 1),
(2434, 'Hordaland', 160, 'HL', 1),
(2435, 'More og Romdal', 160, 'MR', 1),
(2436, 'Nord-Trondelag', 160, 'NT', 1),
(2437, 'Nordland', 160, 'NL', 1),
(2438, 'Ostfold', 160, 'OF', 1),
(2439, 'Oppland', 160, 'OP', 1),
(2440, 'Oslo', 160, 'OL', 1),
(2441, 'Rogaland', 160, 'RL', 1),
(2442, 'Sor-Trondelag', 160, 'ST', 1),
(2443, 'Sogn og Fjordane', 160, 'SJ', 1),
(2444, 'Svalbard', 160, 'SV', 1),
(2445, 'Telemark', 160, 'TM', 1),
(2446, 'Troms', 160, 'TR', 1),
(2447, 'Vest-Agder', 160, 'VA', 1),
(2448, 'Vestfold', 160, 'VF', 1),
(2449, 'Ad Dakhiliyah', 161, 'DA', 1),
(2450, 'Al Batinah', 161, 'BA', 1),
(2451, 'Al Wusta', 161, 'WU', 1),
(2452, 'Ash Sharqiyah', 161, 'SH', 1),
(2453, 'Az Zahirah', 161, 'ZA', 1),
(2454, 'Masqat', 161, 'MA', 1),
(2455, 'Musandam', 161, 'MU', 1),
(2456, 'Zufar', 161, 'ZU', 1),
(2457, 'Balochistan', 162, 'B', 1),
(2458, 'Federally Administered Tribal Areas', 162, 'T', 1),
(2459, 'Islamabad Capital Territory', 162, 'I', 1),
(2460, 'North-West Frontier', 162, 'N', 1),
(2461, 'Punjab', 162, 'P', 1),
(2462, 'Sindh', 162, 'S', 1),
(2463, 'Aimeliik', 163, 'AM', 1),
(2464, 'Airai', 163, 'AR', 1),
(2465, 'Angaur', 163, 'AN', 1),
(2466, 'Hatohobei', 163, 'HA', 1),
(2467, 'Kayangel', 163, 'KA', 1),
(2468, 'Koror', 163, 'KO', 1),
(2469, 'Melekeok', 163, 'ME', 1),
(2470, 'Ngaraard', 163, 'NA', 1),
(2471, 'Ngarchelong', 163, 'NG', 1),
(2472, 'Ngardmau', 163, 'ND', 1),
(2473, 'Ngatpang', 163, 'NT', 1),
(2474, 'Ngchesar', 163, 'NC', 1),
(2475, 'Ngeremlengui', 163, 'NR', 1),
(2476, 'Ngiwal', 163, 'NW', 1),
(2477, 'Peleliu', 163, 'PE', 1),
(2478, 'Sonsorol', 163, 'SO', 1),
(2479, 'Bocas del Toro', 164, 'BT', 1),
(2480, 'Chiriqui', 164, 'CH', 1),
(2481, 'Cocle', 164, 'CC', 1),
(2482, 'Colon', 164, 'CL', 1),
(2483, 'Darien', 164, 'DA', 1),
(2484, 'Herrera', 164, 'HE', 1),
(2485, 'Los Santos', 164, 'LS', 1),
(2486, 'Panama', 164, 'PA', 1),
(2487, 'San Blas', 164, 'SB', 1),
(2488, 'Veraguas', 164, 'VG', 1),
(2489, 'Bougainville', 165, 'BV', 1),
(2490, 'Central', 165, 'CE', 1),
(2491, 'Chimbu', 165, 'CH', 1),
(2492, 'Eastern Highlands', 165, 'EH', 1),
(2493, 'East New Britain', 165, 'EB', 1),
(2494, 'East Sepik', 165, 'ES', 1),
(2495, 'Enga', 165, 'EN', 1),
(2496, 'Gulf', 165, 'GU', 1),
(2497, 'Madang', 165, 'MD', 1),
(2498, 'Manus', 165, 'MN', 1),
(2499, 'Milne Bay', 165, 'MB', 1),
(2500, 'Morobe', 165, 'MR', 1),
(2501, 'National Capital', 165, 'NC', 1),
(2502, 'New Ireland', 165, 'NI', 1),
(2503, 'Northern', 165, 'NO', 1),
(2504, 'Sandaun', 165, 'SA', 1),
(2505, 'Southern Highlands', 165, 'SH', 1),
(2506, 'Western', 165, 'WE', 1),
(2507, 'Western Highlands', 165, 'WH', 1),
(2508, 'West New Britain', 165, 'WB', 1),
(2509, 'Alto Paraguay', 166, 'AG', 1),
(2510, 'Alto Parana', 166, 'AN', 1),
(2511, 'Amambay', 166, 'AM', 1),
(2512, 'Asuncion', 166, 'AS', 1),
(2513, 'Boqueron', 166, 'BO', 1),
(2514, 'Caaguazu', 166, 'CG', 1),
(2515, 'Caazapa', 166, 'CZ', 1),
(2516, 'Canindeyu', 166, 'CN', 1),
(2517, 'Central', 166, 'CE', 1),
(2518, 'Concepcion', 166, 'CC', 1),
(2519, 'Cordillera', 166, 'CD', 1),
(2520, 'Guaira', 166, 'GU', 1),
(2521, 'Itapua', 166, 'IT', 1),
(2522, 'Misiones', 166, 'MI', 1),
(2523, 'Neembucu', 166, 'NE', 1),
(2524, 'Paraguari', 166, 'PA', 1),
(2525, 'Presidente Hayes', 166, 'PH', 1),
(2526, 'San Pedro', 166, 'SP', 1),
(2527, 'Amazonas', 167, 'AM', 1),
(2528, 'Ancash', 167, 'AN', 1),
(2529, 'Apurimac', 167, 'AP', 1),
(2530, 'Arequipa', 167, 'AR', 1),
(2531, 'Ayacucho', 167, 'AY', 1),
(2532, 'Cajamarca', 167, 'CJ', 1),
(2533, 'Callao', 167, 'CL', 1),
(2534, 'Cusco', 167, 'CU', 1),
(2535, 'Huancavelica', 167, 'HV', 1),
(2536, 'Huanuco', 167, 'HO', 1),
(2537, 'Ica', 167, 'IC', 1),
(2538, 'Junin', 167, 'JU', 1),
(2539, 'La Libertad', 167, 'LD', 1),
(2540, 'Lambayeque', 167, 'LY', 1),
(2541, 'Lima', 167, 'LI', 1),
(2542, 'Loreto', 167, 'LO', 1),
(2543, 'Madre de Dios', 167, 'MD', 1),
(2544, 'Moquegua', 167, 'MO', 1),
(2545, 'Pasco', 167, 'PA', 1),
(2546, 'Piura', 167, 'PI', 1),
(2547, 'Puno', 167, 'PU', 1),
(2548, 'San Martin', 167, 'SM', 1),
(2549, 'Tacna', 167, 'TA', 1),
(2550, 'Tumbes', 167, 'TU', 1),
(2551, 'Ucayali', 167, 'UC', 1),
(2552, 'Abra', 168, 'ABR', 1),
(2553, 'Agusan del Norte', 168, 'ANO', 1),
(2554, 'Agusan del Sur', 168, 'ASU', 1),
(2555, 'Aklan', 168, 'AKL', 1),
(2556, 'Albay', 168, 'ALB', 1),
(2557, 'Antique', 168, 'ANT', 1),
(2558, 'Apayao', 168, 'APY', 1),
(2559, 'Aurora', 168, 'AUR', 1),
(2560, 'Basilan', 168, 'BAS', 1),
(2561, 'Bataan', 168, 'BTA', 1),
(2562, 'Batanes', 168, 'BTE', 1),
(2563, 'Batangas', 168, 'BTG', 1),
(2564, 'Biliran', 168, 'BLR', 1),
(2565, 'Benguet', 168, 'BEN', 1),
(2566, 'Bohol', 168, 'BOL', 1),
(2567, 'Bukidnon', 168, 'BUK', 1),
(2568, 'Bulacan', 168, 'BUL', 1),
(2569, 'Cagayan', 168, 'CAG', 1),
(2570, 'Camarines Norte', 168, 'CNO', 1),
(2571, 'Camarines Sur', 168, 'CSU', 1),
(2572, 'Camiguin', 168, 'CAM', 1),
(2573, 'Capiz', 168, 'CAP', 1),
(2574, 'Catanduanes', 168, 'CAT', 1),
(2575, 'Cavite', 168, 'CAV', 1),
(2576, 'Cebu', 168, 'CEB', 1),
(2577, 'Compostela', 168, 'CMP', 1),
(2578, 'Davao del Norte', 168, 'DNO', 1),
(2579, 'Davao del Sur', 168, 'DSU', 1),
(2580, 'Davao Oriental', 168, 'DOR', 1),
(2581, 'Eastern Samar', 168, 'ESA', 1),
(2582, 'Guimaras', 168, 'GUI', 1),
(2583, 'Ifugao', 168, 'IFU', 1),
(2584, 'Ilocos Norte', 168, 'INO', 1),
(2585, 'Ilocos Sur', 168, 'ISU', 1),
(2586, 'Iloilo', 168, 'ILO', 1),
(2587, 'Isabela', 168, 'ISA', 1),
(2588, 'Kalinga', 168, 'KAL', 1),
(2589, 'Laguna', 168, 'LAG', 1),
(2590, 'Lanao del Norte', 168, 'LNO', 1),
(2591, 'Lanao del Sur', 168, 'LSU', 1),
(2592, 'La Union', 168, 'UNI', 1),
(2593, 'Leyte', 168, 'LEY', 1),
(2594, 'Maguindanao', 168, 'MAG', 1),
(2595, 'Marinduque', 168, 'MRN', 1),
(2596, 'Masbate', 168, 'MSB', 1),
(2597, 'Mindoro Occidental', 168, 'MIC', 1),
(2598, 'Mindoro Oriental', 168, 'MIR', 1),
(2599, 'Misamis Occidental', 168, 'MSC', 1),
(2600, 'Misamis Oriental', 168, 'MOR', 1),
(2601, 'Mountain', 168, 'MOP', 1),
(2602, 'Negros Occidental', 168, 'NOC', 1),
(2603, 'Negros Oriental', 168, 'NOR', 1),
(2604, 'North Cotabato', 168, 'NCT', 1),
(2605, 'Northern Samar', 168, 'NSM', 1),
(2606, 'Nueva Ecija', 168, 'NEC', 1),
(2607, 'Nueva Vizcaya', 168, 'NVZ', 1),
(2608, 'Palawan', 168, 'PLW', 1),
(2609, 'Pampanga', 168, 'PMP', 1),
(2610, 'Pangasinan', 168, 'PNG', 1),
(2611, 'Quezon', 168, 'QZN', 1),
(2612, 'Quirino', 168, 'QRN', 1),
(2613, 'Rizal', 168, 'RIZ', 1),
(2614, 'Romblon', 168, 'ROM', 1),
(2615, 'Samar', 168, 'SMR', 1),
(2616, 'Sarangani', 168, 'SRG', 1),
(2617, 'Siquijor', 168, 'SQJ', 1),
(2618, 'Sorsogon', 168, 'SRS', 1),
(2619, 'South Cotabato', 168, 'SCO', 1),
(2620, 'Southern Leyte', 168, 'SLE', 1),
(2621, 'Sultan Kudarat', 168, 'SKU', 1),
(2622, 'Sulu', 168, 'SLU', 1),
(2623, 'Surigao del Norte', 168, 'SNO', 1),
(2624, 'Surigao del Sur', 168, 'SSU', 1),
(2625, 'Tarlac', 168, 'TAR', 1),
(2626, 'Tawi-Tawi', 168, 'TAW', 1),
(2627, 'Zambales', 168, 'ZBL', 1),
(2628, 'Zamboanga del Norte', 168, 'ZNO', 1),
(2629, 'Zamboanga del Sur', 168, 'ZSU', 1),
(2630, 'Zamboanga Sibugay', 168, 'ZSI', 1),
(2631, 'Dolnoslaskie', 170, 'DO', 1),
(2632, 'Kujawsko-Pomorskie', 170, 'KP', 1),
(2633, 'Lodzkie', 170, 'LO', 1),
(2634, 'Lubelskie', 170, 'LL', 1),
(2635, 'Lubuskie', 170, 'LU', 1),
(2636, 'Malopolskie', 170, 'ML', 1),
(2637, 'Mazowieckie', 170, 'MZ', 1),
(2638, 'Opolskie', 170, 'OP', 1),
(2639, 'Podkarpackie', 170, 'PP', 1),
(2640, 'Podlaskie', 170, 'PL', 1),
(2641, 'Pomorskie', 170, 'PM', 1),
(2642, 'Slaskie', 170, 'SL', 1),
(2643, 'Swietokrzyskie', 170, 'SW', 1),
(2644, 'Warminsko-Mazurskie', 170, 'WM', 1),
(2645, 'Wielkopolskie', 170, 'WP', 1),
(2646, 'Zachodniopomorskie', 170, 'ZA', 1),
(2647, 'Saint Pierre', 198, 'P', 1),
(2648, 'Miquelon', 198, 'M', 1),
(2649, 'A&ccedil;ores', 171, 'AC', 1),
(2650, 'Aveiro', 171, 'AV', 1),
(2651, 'Beja', 171, 'BE', 1),
(2652, 'Braga', 171, 'BR', 1),
(2653, 'Bragan&ccedil;a', 171, 'BA', 1),
(2654, 'Castelo Branco', 171, 'CB', 1),
(2655, 'Coimbra', 171, 'CO', 1),
(2656, '&Eacute;vora', 171, 'EV', 1),
(2657, 'Faro', 171, 'FA', 1),
(2658, 'Guarda', 171, 'GU', 1),
(2659, 'Leiria', 171, 'LE', 1),
(2660, 'Lisboa', 171, 'LI', 1),
(2661, 'Madeira', 171, 'ME', 1),
(2662, 'Portalegre', 171, 'PO', 1),
(2663, 'Porto', 171, 'PR', 1),
(2664, 'Santar&eacute;m', 171, 'SA', 1),
(2665, 'Set&uacute;bal', 171, 'SE', 1),
(2666, 'Viana do Castelo', 171, 'VC', 1),
(2667, 'Vila Real', 171, 'VR', 1),
(2668, 'Viseu', 171, 'VI', 1),
(2669, 'Ad Dawhah', 173, 'DW', 1),
(2670, 'Al Ghuwayriyah', 173, 'GW', 1),
(2671, 'Al Jumayliyah', 173, 'JM', 1),
(2672, 'Al Khawr', 173, 'KR', 1),
(2673, 'Al Wakrah', 173, 'WK', 1),
(2674, 'Ar Rayyan', 173, 'RN', 1),
(2675, 'Jarayan al Batinah', 173, 'JB', 1),
(2676, 'Madinat ash Shamal', 173, 'MS', 1),
(2677, 'Umm Sa\'id', 173, 'UD', 1),
(2678, 'Umm Salal', 173, 'UL', 1),
(2679, 'Alba', 175, 'AB', 1),
(2680, 'Arad', 175, 'AR', 1),
(2681, 'Arges', 175, 'AG', 1),
(2682, 'Bacau', 175, 'BC', 1),
(2683, 'Bihor', 175, 'BH', 1),
(2684, 'Bistrita-Nasaud', 175, 'BN', 1),
(2685, 'Botosani', 175, 'BT', 1),
(2686, 'Brasov', 175, 'BV', 1),
(2687, 'Braila', 175, 'BR', 1),
(2688, 'Bucuresti', 175, 'B', 1),
(2689, 'Buzau', 175, 'BZ', 1),
(2690, 'Caras-Severin', 175, 'CS', 1),
(2691, 'Calarasi', 175, 'CL', 1),
(2692, 'Cluj', 175, 'CJ', 1),
(2693, 'Constanta', 175, 'CT', 1),
(2694, 'Covasna', 175, 'CV', 1),
(2695, 'Dimbovita', 175, 'DB', 1),
(2696, 'Dolj', 175, 'DJ', 1),
(2697, 'Galati', 175, 'GL', 1),
(2698, 'Giurgiu', 175, 'GR', 1),
(2699, 'Gorj', 175, 'GJ', 1),
(2700, 'Harghita', 175, 'HR', 1),
(2701, 'Hunedoara', 175, 'HD', 1),
(2702, 'Ialomita', 175, 'IL', 1),
(2703, 'Iasi', 175, 'IS', 1),
(2704, 'Ilfov', 175, 'IF', 1),
(2705, 'Maramures', 175, 'MM', 1),
(2706, 'Mehedinti', 175, 'MH', 1),
(2707, 'Mures', 175, 'MS', 1),
(2708, 'Neamt', 175, 'NT', 1),
(2709, 'Olt', 175, 'OT', 1),
(2710, 'Prahova', 175, 'PH', 1),
(2711, 'Satu-Mare', 175, 'SM', 1),
(2712, 'Salaj', 175, 'SJ', 1),
(2713, 'Sibiu', 175, 'SB', 1),
(2714, 'Suceava', 175, 'SV', 1),
(2715, 'Teleorman', 175, 'TR', 1),
(2716, 'Timis', 175, 'TM', 1),
(2717, 'Tulcea', 175, 'TL', 1),
(2718, 'Vaslui', 175, 'VS', 1),
(2719, 'Valcea', 175, 'VL', 1),
(2720, 'Vrancea', 175, 'VN', 1),
(2721, 'Abakan', 176, 'AB', 1),
(2722, 'Aginskoye', 176, 'AG', 1),
(2723, 'Anadyr', 176, 'AN', 1),
(2724, 'Arkahangelsk', 176, 'AR', 1),
(2725, 'Astrakhan', 176, 'AS', 1),
(2726, 'Barnaul', 176, 'BA', 1),
(2727, 'Belgorod', 176, 'BE', 1),
(2728, 'Birobidzhan', 176, 'BI', 1),
(2729, 'Blagoveshchensk', 176, 'BL', 1),
(2730, 'Bryansk', 176, 'BR', 1),
(2731, 'Cheboksary', 176, 'CH', 1),
(2732, 'Chelyabinsk', 176, 'CL', 1),
(2733, 'Cherkessk', 176, 'CR', 1),
(2734, 'Chita', 176, 'CI', 1),
(2735, 'Dudinka', 176, 'DU', 1),
(2736, 'Elista', 176, 'EL', 1),
(2738, 'Gorno-Altaysk', 176, 'GA', 1),
(2739, 'Groznyy', 176, 'GR', 1),
(2740, 'Irkutsk', 176, 'IR', 1),
(2741, 'Ivanovo', 176, 'IV', 1),
(2742, 'Izhevsk', 176, 'IZ', 1),
(2743, 'Kalinigrad', 176, 'KA', 1),
(2744, 'Kaluga', 176, 'KL', 1),
(2745, 'Kasnodar', 176, 'KS', 1),
(2746, 'Kazan', 176, 'KZ', 1),
(2747, 'Kemerovo', 176, 'KE', 1),
(2748, 'Khabarovsk', 176, 'KH', 1),
(2749, 'Khanty-Mansiysk', 176, 'KM', 1),
(2750, 'Kostroma', 176, 'KO', 1),
(2751, 'Krasnodar', 176, 'KR', 1),
(2752, 'Krasnoyarsk', 176, 'KN', 1),
(2753, 'Kudymkar', 176, 'KU', 1),
(2754, 'Kurgan', 176, 'KG', 1),
(2755, 'Kursk', 176, 'KK', 1),
(2756, 'Kyzyl', 176, 'KY', 1),
(2757, 'Lipetsk', 176, 'LI', 1),
(2758, 'Magadan', 176, 'MA', 1),
(2759, 'Makhachkala', 176, 'MK', 1),
(2760, 'Maykop', 176, 'MY', 1),
(2761, 'Moscow', 176, 'MO', 1),
(2762, 'Murmansk', 176, 'MU', 1),
(2763, 'Nalchik', 176, 'NA', 1),
(2764, 'Naryan Mar', 176, 'NR', 1),
(2765, 'Nazran', 176, 'NZ', 1),
(2766, 'Nizhniy Novgorod', 176, 'NI', 1),
(2767, 'Novgorod', 176, 'NO', 1),
(2768, 'Novosibirsk', 176, 'NV', 1),
(2769, 'Omsk', 176, 'OM', 1),
(2770, 'Orel', 176, 'OR', 1),
(2771, 'Orenburg', 176, 'OE', 1),
(2772, 'Palana', 176, 'PA', 1),
(2773, 'Penza', 176, 'PE', 1),
(2774, 'Perm', 176, 'PR', 1),
(2775, 'Petropavlovsk-Kamchatskiy', 176, 'PK', 1),
(2776, 'Petrozavodsk', 176, 'PT', 1),
(2777, 'Pskov', 176, 'PS', 1),
(2778, 'Rostov-na-Donu', 176, 'RO', 1),
(2779, 'Ryazan', 176, 'RY', 1),
(2780, 'Salekhard', 176, 'SL', 1),
(2781, 'Samara', 176, 'SA', 1),
(2782, 'Saransk', 176, 'SR', 1),
(2783, 'Saratov', 176, 'SV', 1),
(2784, 'Smolensk', 176, 'SM', 1),
(2785, 'St. Petersburg', 176, 'SP', 1),
(2786, 'Stavropol', 176, 'ST', 1),
(2787, 'Syktyvkar', 176, 'SY', 1),
(2788, 'Tambov', 176, 'TA', 1),
(2789, 'Tomsk', 176, 'TO', 1),
(2790, 'Tula', 176, 'TU', 1),
(2791, 'Tura', 176, 'TR', 1),
(2792, 'Tver', 176, 'TV', 1),
(2793, 'Tyumen', 176, 'TY', 1),
(2794, 'Ufa', 176, 'UF', 1),
(2795, 'Ul\'yanovsk', 176, 'UL', 1),
(2796, 'Ulan-Ude', 176, 'UU', 1),
(2797, 'Ust\'-Ordynskiy', 176, 'US', 1),
(2798, 'Vladikavkaz', 176, 'VL', 1),
(2799, 'Vladimir', 176, 'VA', 1),
(2800, 'Vladivostok', 176, 'VV', 1),
(2801, 'Volgograd', 176, 'VG', 1),
(2802, 'Vologda', 176, 'VD', 1),
(2803, 'Voronezh', 176, 'VO', 1),
(2804, 'Vyatka', 176, 'VY', 1),
(2805, 'Yakutsk', 176, 'YA', 1),
(2806, 'Yaroslavl', 176, 'YR', 1),
(2807, 'Yekaterinburg', 176, 'YE', 1),
(2808, 'Yoshkar-Ola', 176, 'YO', 1),
(2809, 'Butare', 177, 'BU', 1),
(2810, 'Byumba', 177, 'BY', 1),
(2811, 'Cyangugu', 177, 'CY', 1),
(2812, 'Gikongoro', 177, 'GK', 1),
(2813, 'Gisenyi', 177, 'GS', 1),
(2814, 'Gitarama', 177, 'GT', 1),
(2815, 'Kibungo', 177, 'KG', 1),
(2816, 'Kibuye', 177, 'KY', 1),
(2817, 'Kigali Rurale', 177, 'KR', 1),
(2818, 'Kigali-ville', 177, 'KV', 1),
(2819, 'Ruhengeri', 177, 'RU', 1),
(2820, 'Umutara', 177, 'UM', 1),
(2821, 'Christ Church Nichola Town', 178, 'CCN', 1),
(2822, 'Saint Anne Sandy Point', 178, 'SAS', 1),
(2823, 'Saint George Basseterre', 178, 'SGB', 1),
(2824, 'Saint George Gingerland', 178, 'SGG', 1),
(2825, 'Saint James Windward', 178, 'SJW', 1),
(2826, 'Saint John Capesterre', 178, 'SJC', 1),
(2827, 'Saint John Figtree', 178, 'SJF', 1),
(2828, 'Saint Mary Cayon', 178, 'SMC', 1),
(2829, 'Saint Paul Capesterre', 178, 'CAP', 1),
(2830, 'Saint Paul Charlestown', 178, 'CHA', 1),
(2831, 'Saint Peter Basseterre', 178, 'SPB', 1),
(2832, 'Saint Thomas Lowland', 178, 'STL', 1),
(2833, 'Saint Thomas Middle Island', 178, 'STM', 1),
(2834, 'Trinity Palmetto Point', 178, 'TPP', 1),
(2835, 'Anse-la-Raye', 179, 'AR', 1),
(2836, 'Castries', 179, 'CA', 1),
(2837, 'Choiseul', 179, 'CH', 1),
(2838, 'Dauphin', 179, 'DA', 1),
(2839, 'Dennery', 179, 'DE', 1),
(2840, 'Gros-Islet', 179, 'GI', 1),
(2841, 'Laborie', 179, 'LA', 1),
(2842, 'Micoud', 179, 'MI', 1),
(2843, 'Praslin', 179, 'PR', 1),
(2844, 'Soufriere', 179, 'SO', 1),
(2845, 'Vieux-Fort', 179, 'VF', 1),
(2846, 'Charlotte', 180, 'C', 1),
(2847, 'Grenadines', 180, 'R', 1),
(2848, 'Saint Andrew', 180, 'A', 1),
(2849, 'Saint David', 180, 'D', 1),
(2850, 'Saint George', 180, 'G', 1),
(2851, 'Saint Patrick', 180, 'P', 1),
(2852, 'A\'ana', 181, 'AN', 1),
(2853, 'Aiga-i-le-Tai', 181, 'AI', 1),
(2854, 'Atua', 181, 'AT', 1),
(2855, 'Fa\'asaleleaga', 181, 'FA', 1),
(2856, 'Gaga\'emauga', 181, 'GE', 1),
(2857, 'Gagaifomauga', 181, 'GF', 1),
(2858, 'Palauli', 181, 'PA', 1),
(2859, 'Satupa\'itea', 181, 'SA', 1),
(2860, 'Tuamasaga', 181, 'TU', 1),
(2861, 'Va\'a-o-Fonoti', 181, 'VF', 1),
(2862, 'Vaisigano', 181, 'VS', 1),
(2863, 'Acquaviva', 182, 'AC', 1),
(2864, 'Borgo Maggiore', 182, 'BM', 1),
(2865, 'Chiesanuova', 182, 'CH', 1),
(2866, 'Domagnano', 182, 'DO', 1),
(2867, 'Faetano', 182, 'FA', 1),
(2868, 'Fiorentino', 182, 'FI', 1),
(2869, 'Montegiardino', 182, 'MO', 1),
(2870, 'Citta di San Marino', 182, 'SM', 1),
(2871, 'Serravalle', 182, 'SE', 1),
(2872, 'Sao Tome', 183, 'S', 1),
(2873, 'Principe', 183, 'P', 1),
(2874, 'Al Bahah', 184, 'BH', 1),
(2875, 'Al Hudud ash Shamaliyah', 184, 'HS', 1),
(2876, 'Al Jawf', 184, 'JF', 1),
(2877, 'Al Madinah', 184, 'MD', 1),
(2878, 'Al Qasim', 184, 'QS', 1),
(2879, 'Ar Riyad', 184, 'RD', 1),
(2880, 'Ash Sharqiyah (Eastern)', 184, 'AQ', 1),
(2881, '\'Asir', 184, 'AS', 1),
(2882, 'Ha\'il', 184, 'HL', 1),
(2883, 'Jizan', 184, 'JZ', 1),
(2884, 'Makkah', 184, 'ML', 1),
(2885, 'Najran', 184, 'NR', 1),
(2886, 'Tabuk', 184, 'TB', 1),
(2887, 'Dakar', 185, 'DA', 1),
(2888, 'Diourbel', 185, 'DI', 1),
(2889, 'Fatick', 185, 'FA', 1),
(2890, 'Kaolack', 185, 'KA', 1),
(2891, 'Kolda', 185, 'KO', 1),
(2892, 'Louga', 185, 'LO', 1),
(2893, 'Matam', 185, 'MA', 1),
(2894, 'Saint-Louis', 185, 'SL', 1),
(2895, 'Tambacounda', 185, 'TA', 1),
(2896, 'Thies', 185, 'TH', 1),
(2897, 'Ziguinchor', 185, 'ZI', 1),
(2898, 'Anse aux Pins', 186, 'AP', 1),
(2899, 'Anse Boileau', 186, 'AB', 1),
(2900, 'Anse Etoile', 186, 'AE', 1),
(2901, 'Anse Louis', 186, 'AL', 1),
(2902, 'Anse Royale', 186, 'AR', 1),
(2903, 'Baie Lazare', 186, 'BL', 1),
(2904, 'Baie Sainte Anne', 186, 'BS', 1),
(2905, 'Beau Vallon', 186, 'BV', 1),
(2906, 'Bel Air', 186, 'BA', 1),
(2907, 'Bel Ombre', 186, 'BO', 1),
(2908, 'Cascade', 186, 'CA', 1),
(2909, 'Glacis', 186, 'GL', 1),
(2910, 'Grand\' Anse (on Mahe)', 186, 'GM', 1),
(2911, 'Grand\' Anse (on Praslin)', 186, 'GP', 1),
(2912, 'La Digue', 186, 'DG', 1),
(2913, 'La Riviere Anglaise', 186, 'RA', 1),
(2914, 'Mont Buxton', 186, 'MB', 1),
(2915, 'Mont Fleuri', 186, 'MF', 1),
(2916, 'Plaisance', 186, 'PL', 1),
(2917, 'Pointe La Rue', 186, 'PR', 1),
(2918, 'Port Glaud', 186, 'PG', 1),
(2919, 'Saint Louis', 186, 'SL', 1),
(2920, 'Takamaka', 186, 'TA', 1),
(2921, 'Eastern', 187, 'E', 1),
(2922, 'Northern', 187, 'N', 1),
(2923, 'Southern', 187, 'S', 1),
(2924, 'Western', 187, 'W', 1),
(2925, 'Banskobystrický', 189, 'BA', 1),
(2926, 'Bratislavský', 189, 'BR', 1),
(2927, 'Košický', 189, 'KO', 1),
(2928, 'Nitriansky', 189, 'NI', 1),
(2929, 'Prešovský', 189, 'PR', 1),
(2930, 'Trenčiansky', 189, 'TC', 1),
(2931, 'Trnavský', 189, 'TV', 1),
(2932, 'Žilinský', 189, 'ZI', 1),
(2933, 'Central', 191, 'CE', 1),
(2934, 'Choiseul', 191, 'CH', 1),
(2935, 'Guadalcanal', 191, 'GC', 1),
(2936, 'Honiara', 191, 'HO', 1),
(2937, 'Isabel', 191, 'IS', 1),
(2938, 'Makira', 191, 'MK', 1),
(2939, 'Malaita', 191, 'ML', 1),
(2940, 'Rennell and Bellona', 191, 'RB', 1),
(2941, 'Temotu', 191, 'TM', 1),
(2942, 'Western', 191, 'WE', 1),
(2943, 'Awdal', 192, 'AW', 1),
(2944, 'Bakool', 192, 'BK', 1),
(2945, 'Banaadir', 192, 'BN', 1),
(2946, 'Bari', 192, 'BR', 1),
(2947, 'Bay', 192, 'BY', 1),
(2948, 'Galguduud', 192, 'GA', 1),
(2949, 'Gedo', 192, 'GE', 1),
(2950, 'Hiiraan', 192, 'HI', 1),
(2951, 'Jubbada Dhexe', 192, 'JD', 1),
(2952, 'Jubbada Hoose', 192, 'JH', 1),
(2953, 'Mudug', 192, 'MU', 1),
(2954, 'Nugaal', 192, 'NU', 1),
(2955, 'Sanaag', 192, 'SA', 1),
(2956, 'Shabeellaha Dhexe', 192, 'SD', 1),
(2957, 'Shabeellaha Hoose', 192, 'SH', 1),
(2958, 'Sool', 192, 'SL', 1),
(2959, 'Togdheer', 192, 'TO', 1),
(2960, 'Woqooyi Galbeed', 192, 'WG', 1),
(2961, 'Eastern Cape', 193, 'EC', 1),
(2962, 'Free State', 193, 'FS', 1),
(2963, 'Gauteng', 193, 'GT', 1),
(2964, 'KwaZulu-Natal', 193, 'KN', 1),
(2965, 'Limpopo', 193, 'LP', 1),
(2966, 'Mpumalanga', 193, 'MP', 1),
(2967, 'North West', 193, 'NW', 1),
(2968, 'Northern Cape', 193, 'NC', 1),
(2969, 'Western Cape', 193, 'WC', 1),
(2970, 'La Coru&ntilde;a', 195, 'CA', 1),
(2971, '&Aacute;lava', 195, 'AL', 1),
(2972, 'Albacete', 195, 'AB', 1),
(2973, 'Alicante', 195, 'AC', 1),
(2974, 'Almeria', 195, 'AM', 1),
(2975, 'Asturias', 195, 'AS', 1),
(2976, '&Aacute;vila', 195, 'AV', 1),
(2977, 'Badajoz', 195, 'BJ', 1),
(2978, 'Baleares', 195, 'IB', 1),
(2979, 'Barcelona', 195, 'BA', 1),
(2980, 'Burgos', 195, 'BU', 1),
(2981, 'C&aacute;ceres', 195, 'CC', 1),
(2982, 'C&aacute;diz', 195, 'CZ', 1),
(2983, 'Cantabria', 195, 'CT', 1),
(2984, 'Castell&oacute;n', 195, 'CL', 1),
(2985, 'Ceuta', 195, 'CE', 1),
(2986, 'Ciudad Real', 195, 'CR', 1),
(2987, 'C&oacute;rdoba', 195, 'CD', 1),
(2988, 'Cuenca', 195, 'CU', 1),
(2989, 'Girona', 195, 'GI', 1),
(2990, 'Granada', 195, 'GD', 1),
(2991, 'Guadalajara', 195, 'GJ', 1),
(2992, 'Guip&uacute;zcoa', 195, 'GP', 1),
(2993, 'Huelva', 195, 'HL', 1),
(2994, 'Huesca', 195, 'HS', 1),
(2995, 'Ja&eacute;n', 195, 'JN', 1),
(2996, 'La Rioja', 195, 'RJ', 1),
(2997, 'Las Palmas', 195, 'PM', 1),
(2998, 'Leon', 195, 'LE', 1),
(2999, 'Lleida', 195, 'LL', 1),
(3000, 'Lugo', 195, 'LG', 1),
(3001, 'Madrid', 195, 'MD', 1),
(3002, 'Malaga', 195, 'MA', 1),
(3003, 'Melilla', 195, 'ML', 1),
(3004, 'Murcia', 195, 'MU', 1),
(3005, 'Navarra', 195, 'NV', 1),
(3006, 'Ourense', 195, 'OU', 1),
(3007, 'Palencia', 195, 'PL', 1),
(3008, 'Pontevedra', 195, 'PO', 1),
(3009, 'Salamanca', 195, 'SL', 1),
(3010, 'Santa Cruz de Tenerife', 195, 'SC', 1),
(3011, 'Segovia', 195, 'SG', 1),
(3012, 'Sevilla', 195, 'SV', 1),
(3013, 'Soria', 195, 'SO', 1),
(3014, 'Tarragona', 195, 'TA', 1),
(3015, 'Teruel', 195, 'TE', 1),
(3016, 'Toledo', 195, 'TO', 1),
(3017, 'Valencia', 195, 'VC', 1),
(3018, 'Valladolid', 195, 'VD', 1),
(3019, 'Vizcaya', 195, 'VZ', 1),
(3020, 'Zamora', 195, 'ZM', 1),
(3021, 'Zaragoza', 195, 'ZR', 1),
(3022, 'Central', 196, 'CE', 1),
(3023, 'Eastern', 196, 'EA', 1),
(3024, 'North Central', 196, 'NC', 1),
(3025, 'Northern', 196, 'NO', 1),
(3026, 'North Western', 196, 'NW', 1),
(3027, 'Sabaragamuwa', 196, 'SA', 1),
(3028, 'Southern', 196, 'SO', 1),
(3029, 'Uva', 196, 'UV', 1),
(3030, 'Western', 196, 'WE', 1),
(3032, 'Saint Helena', 197, 'S', 1),
(3034, 'A\'ali an Nil', 199, 'ANL', 1),
(3035, 'Al Bahr al Ahmar', 199, 'BAM', 1),
(3036, 'Al Buhayrat', 199, 'BRT', 1),
(3037, 'Al Jazirah', 199, 'JZR', 1),
(3038, 'Al Khartum', 199, 'KRT', 1),
(3039, 'Al Qadarif', 199, 'QDR', 1),
(3040, 'Al Wahdah', 199, 'WDH', 1),
(3041, 'An Nil al Abyad', 199, 'ANB', 1),
(3042, 'An Nil al Azraq', 199, 'ANZ', 1),
(3043, 'Ash Shamaliyah', 199, 'ASH', 1),
(3044, 'Bahr al Jabal', 199, 'BJA', 1),
(3045, 'Gharb al Istiwa\'iyah', 199, 'GIS', 1),
(3046, 'Gharb Bahr al Ghazal', 199, 'GBG', 1),
(3047, 'Gharb Darfur', 199, 'GDA', 1),
(3048, 'Gharb Kurdufan', 199, 'GKU', 1),
(3049, 'Janub Darfur', 199, 'JDA', 1),
(3050, 'Janub Kurdufan', 199, 'JKU', 1),
(3051, 'Junqali', 199, 'JQL', 1),
(3052, 'Kassala', 199, 'KSL', 1),
(3053, 'Nahr an Nil', 199, 'NNL', 1),
(3054, 'Shamal Bahr al Ghazal', 199, 'SBG', 1),
(3055, 'Shamal Darfur', 199, 'SDA', 1),
(3056, 'Shamal Kurdufan', 199, 'SKU', 1),
(3057, 'Sharq al Istiwa\'iyah', 199, 'SIS', 1),
(3058, 'Sinnar', 199, 'SNR', 1),
(3059, 'Warab', 199, 'WRB', 1),
(3060, 'Brokopondo', 200, 'BR', 1),
(3061, 'Commewijne', 200, 'CM', 1),
(3062, 'Coronie', 200, 'CR', 1),
(3063, 'Marowijne', 200, 'MA', 1),
(3064, 'Nickerie', 200, 'NI', 1),
(3065, 'Para', 200, 'PA', 1),
(3066, 'Paramaribo', 200, 'PM', 1),
(3067, 'Saramacca', 200, 'SA', 1),
(3068, 'Sipaliwini', 200, 'SI', 1),
(3069, 'Wanica', 200, 'WA', 1),
(3070, 'Hhohho', 202, 'H', 1),
(3071, 'Lubombo', 202, 'L', 1),
(3072, 'Manzini', 202, 'M', 1),
(3073, 'Shishelweni', 202, 'S', 1),
(3074, 'Blekinge', 203, 'K', 1),
(3075, 'Dalarna', 203, 'W', 1),
(3076, 'Gävleborg', 203, 'X', 1),
(3077, 'Gotland', 203, 'I', 1),
(3078, 'Halland', 203, 'N', 1),
(3079, 'Jämtland', 203, 'Z', 1),
(3080, 'Jönköping', 203, 'F', 1),
(3081, 'Kalmar', 203, 'H', 1),
(3082, 'Kronoberg', 203, 'G', 1),
(3083, 'Norrbotten', 203, 'BD', 1),
(3084, 'Örebro', 203, 'T', 1),
(3085, 'Östergötland', 203, 'E', 1),
(3086, 'Sk&aring;ne', 203, 'M', 1),
(3087, 'Södermanland', 203, 'D', 1),
(3088, 'Stockholm', 203, 'AB', 1),
(3089, 'Uppsala', 203, 'C', 1),
(3090, 'Värmland', 203, 'S', 1),
(3091, 'Västerbotten', 203, 'AC', 1),
(3092, 'Västernorrland', 203, 'Y', 1),
(3093, 'Västmanland', 203, 'U', 1),
(3094, 'Västra Götaland', 203, 'O', 1),
(3095, 'Aargau', 204, 'AG', 1),
(3096, 'Appenzell Ausserrhoden', 204, 'AR', 1),
(3097, 'Appenzell Innerrhoden', 204, 'AI', 1),
(3098, 'Basel-Stadt', 204, 'BS', 1),
(3099, 'Basel-Landschaft', 204, 'BL', 1),
(3100, 'Bern', 204, 'BE', 1),
(3101, 'Fribourg', 204, 'FR', 1),
(3102, 'Gen&egrave;ve', 204, 'GE', 1),
(3103, 'Glarus', 204, 'GL', 1),
(3104, 'Graubünden', 204, 'GR', 1),
(3105, 'Jura', 204, 'JU', 1),
(3106, 'Luzern', 204, 'LU', 1),
(3107, 'Neuch&acirc;tel', 204, 'NE', 1),
(3108, 'Nidwald', 204, 'NW', 1),
(3109, 'Obwald', 204, 'OW', 1),
(3110, 'St. Gallen', 204, 'SG', 1),
(3111, 'Schaffhausen', 204, 'SH', 1),
(3112, 'Schwyz', 204, 'SZ', 1),
(3113, 'Solothurn', 204, 'SO', 1),
(3114, 'Thurgau', 204, 'TG', 1),
(3115, 'Ticino', 204, 'TI', 1),
(3116, 'Uri', 204, 'UR', 1),
(3117, 'Valais', 204, 'VS', 1),
(3118, 'Vaud', 204, 'VD', 1),
(3119, 'Zug', 204, 'ZG', 1),
(3120, 'Zürich', 204, 'ZH', 1),
(3121, 'Al Hasakah', 205, 'HA', 1),
(3122, 'Al Ladhiqiyah', 205, 'LA', 1),
(3123, 'Al Qunaytirah', 205, 'QU', 1),
(3124, 'Ar Raqqah', 205, 'RQ', 1),
(3125, 'As Suwayda', 205, 'SU', 1),
(3126, 'Dara', 205, 'DA', 1),
(3127, 'Dayr az Zawr', 205, 'DZ', 1),
(3128, 'Dimashq', 205, 'DI', 1),
(3129, 'Halab', 205, 'HL', 1),
(3130, 'Hamah', 205, 'HM', 1),
(3131, 'Hims', 205, 'HI', 1),
(3132, 'Idlib', 205, 'ID', 1),
(3133, 'Rif Dimashq', 205, 'RD', 1),
(3134, 'Tartus', 205, 'TA', 1),
(3135, 'Chang-hua', 206, 'CH', 1),
(3136, 'Chia-i', 206, 'CI', 1),
(3137, 'Hsin-chu', 206, 'HS', 1),
(3138, 'Hua-lien', 206, 'HL', 1),
(3139, 'I-lan', 206, 'IL', 1),
(3140, 'Kao-hsiung county', 206, 'KH', 1),
(3141, 'Kin-men', 206, 'KM', 1),
(3142, 'Lien-chiang', 206, 'LC', 1),
(3143, 'Miao-li', 206, 'ML', 1),
(3144, 'Nan-t\'ou', 206, 'NT', 1),
(3145, 'P\'eng-hu', 206, 'PH', 1),
(3146, 'P\'ing-tung', 206, 'PT', 1),
(3147, 'T\'ai-chung', 206, 'TG', 1),
(3148, 'T\'ai-nan', 206, 'TA', 1),
(3149, 'T\'ai-pei county', 206, 'TP', 1),
(3150, 'T\'ai-tung', 206, 'TT', 1),
(3151, 'T\'ao-yuan', 206, 'TY', 1),
(3152, 'Yun-lin', 206, 'YL', 1),
(3153, 'Chia-i city', 206, 'CC', 1),
(3154, 'Chi-lung', 206, 'CL', 1),
(3155, 'Hsin-chu', 206, 'HC', 1);
INSERT INTO `cities` (`id`, `city_name`, `country_id`, `city_code`, `city_status`) VALUES
(3156, 'T\'ai-chung', 206, 'TH', 1),
(3157, 'T\'ai-nan', 206, 'TN', 1),
(3158, 'Kao-hsiung city', 206, 'KC', 1),
(3159, 'T\'ai-pei city', 206, 'TC', 1),
(3160, 'Gorno-Badakhstan', 207, 'GB', 1),
(3161, 'Khatlon', 207, 'KT', 1),
(3162, 'Sughd', 207, 'SU', 1),
(3163, 'Arusha', 208, 'AR', 1),
(3164, 'Dar es Salaam', 208, 'DS', 1),
(3165, 'Dodoma', 208, 'DO', 1),
(3166, 'Iringa', 208, 'IR', 1),
(3167, 'Kagera', 208, 'KA', 1),
(3168, 'Kigoma', 208, 'KI', 1),
(3169, 'Kilimanjaro', 208, 'KJ', 1),
(3170, 'Lindi', 208, 'LN', 1),
(3171, 'Manyara', 208, 'MY', 1),
(3172, 'Mara', 208, 'MR', 1),
(3173, 'Mbeya', 208, 'MB', 1),
(3174, 'Morogoro', 208, 'MO', 1),
(3175, 'Mtwara', 208, 'MT', 1),
(3176, 'Mwanza', 208, 'MW', 1),
(3177, 'Pemba North', 208, 'PN', 1),
(3178, 'Pemba South', 208, 'PS', 1),
(3179, 'Pwani', 208, 'PW', 1),
(3180, 'Rukwa', 208, 'RK', 1),
(3181, 'Ruvuma', 208, 'RV', 1),
(3182, 'Shinyanga', 208, 'SH', 1),
(3183, 'Singida', 208, 'SI', 1),
(3184, 'Tabora', 208, 'TB', 1),
(3185, 'Tanga', 208, 'TN', 1),
(3186, 'Zanzibar Central/South', 208, 'ZC', 1),
(3187, 'Zanzibar North', 208, 'ZN', 1),
(3188, 'Zanzibar Urban/West', 208, 'ZU', 1),
(3189, 'Amnat Charoen', 209, 'Amnat Charoen', 1),
(3190, 'Ang Thong', 209, 'Ang Thong', 1),
(3191, 'Ayutthaya', 209, 'Ayutthaya', 1),
(3192, 'Bangkok', 209, 'Bangkok', 1),
(3193, 'Buriram', 209, 'Buriram', 1),
(3194, 'Chachoengsao', 209, 'Chachoengsao', 1),
(3195, 'Chai Nat', 209, 'Chai Nat', 1),
(3196, 'Chaiyaphum', 209, 'Chaiyaphum', 1),
(3197, 'Chanthaburi', 209, 'Chanthaburi', 1),
(3198, 'Chiang Mai', 209, 'Chiang Mai', 1),
(3199, 'Chiang Rai', 209, 'Chiang Rai', 1),
(3200, 'Chon Buri', 209, 'Chon Buri', 1),
(3201, 'Chumphon', 209, 'Chumphon', 1),
(3202, 'Kalasin', 209, 'Kalasin', 1),
(3203, 'Kamphaeng Phet', 209, 'Kamphaeng Phet', 1),
(3204, 'Kanchanaburi', 209, 'Kanchanaburi', 1),
(3205, 'Khon Kaen', 209, 'Khon Kaen', 1),
(3206, 'Krabi', 209, 'Krabi', 1),
(3207, 'Lampang', 209, 'Lampang', 1),
(3208, 'Lamphun', 209, 'Lamphun', 1),
(3209, 'Loei', 209, 'Loei', 1),
(3210, 'Lop Buri', 209, 'Lop Buri', 1),
(3211, 'Mae Hong Son', 209, 'Mae Hong Son', 1),
(3212, 'Maha Sarakham', 209, 'Maha Sarakham', 1),
(3213, 'Mukdahan', 209, 'Mukdahan', 1),
(3214, 'Nakhon Nayok', 209, 'Nakhon Nayok', 1),
(3215, 'Nakhon Pathom', 209, 'Nakhon Pathom', 1),
(3216, 'Nakhon Phanom', 209, 'Nakhon Phanom', 1),
(3217, 'Nakhon Ratchasima', 209, 'Nakhon Ratchasima', 1),
(3218, 'Nakhon Sawan', 209, 'Nakhon Sawan', 1),
(3219, 'Nakhon Si Thammarat', 209, 'Nakhon Si Thammarat', 1),
(3220, 'Nan', 209, 'Nan', 1),
(3221, 'Narathiwat', 209, 'Narathiwat', 1),
(3222, 'Nong Bua Lamphu', 209, 'Nong Bua Lamphu', 1),
(3223, 'Nong Khai', 209, 'Nong Khai', 1),
(3224, 'Nonthaburi', 209, 'Nonthaburi', 1),
(3225, 'Pathum Thani', 209, 'Pathum Thani', 1),
(3226, 'Pattani', 209, 'Pattani', 1),
(3227, 'Phangnga', 209, 'Phangnga', 1),
(3228, 'Phatthalung', 209, 'Phatthalung', 1),
(3229, 'Phayao', 209, 'Phayao', 1),
(3230, 'Phetchabun', 209, 'Phetchabun', 1),
(3231, 'Phetchaburi', 209, 'Phetchaburi', 1),
(3232, 'Phichit', 209, 'Phichit', 1),
(3233, 'Phitsanulok', 209, 'Phitsanulok', 1),
(3234, 'Phrae', 209, 'Phrae', 1),
(3235, 'Phuket', 209, 'Phuket', 1),
(3236, 'Prachin Buri', 209, 'Prachin Buri', 1),
(3237, 'Prachuap Khiri Khan', 209, 'Prachuap Khiri Khan', 1),
(3238, 'Ranong', 209, 'Ranong', 1),
(3239, 'Ratchaburi', 209, 'Ratchaburi', 1),
(3240, 'Rayong', 209, 'Rayong', 1),
(3241, 'Roi Et', 209, 'Roi Et', 1),
(3242, 'Sa Kaeo', 209, 'Sa Kaeo', 1),
(3243, 'Sakon Nakhon', 209, 'Sakon Nakhon', 1),
(3244, 'Samut Prakan', 209, 'Samut Prakan', 1),
(3245, 'Samut Sakhon', 209, 'Samut Sakhon', 1),
(3246, 'Samut Songkhram', 209, 'Samut Songkhram', 1),
(3247, 'Sara Buri', 209, 'Sara Buri', 1),
(3248, 'Satun', 209, 'Satun', 1),
(3249, 'Sing Buri', 209, 'Sing Buri', 1),
(3250, 'Sisaket', 209, 'Sisaket', 1),
(3251, 'Songkhla', 209, 'Songkhla', 1),
(3252, 'Sukhothai', 209, 'Sukhothai', 1),
(3253, 'Suphan Buri', 209, 'Suphan Buri', 1),
(3254, 'Surat Thani', 209, 'Surat Thani', 1),
(3255, 'Surin', 209, 'Surin', 1),
(3256, 'Tak', 209, 'Tak', 1),
(3257, 'Trang', 209, 'Trang', 1),
(3258, 'Trat', 209, 'Trat', 1),
(3259, 'Ubon Ratchathani', 209, 'Ubon Ratchathani', 1),
(3260, 'Udon Thani', 209, 'Udon Thani', 1),
(3261, 'Uthai Thani', 209, 'Uthai Thani', 1),
(3262, 'Uttaradit', 209, 'Uttaradit', 1),
(3263, 'Yala', 209, 'Yala', 1),
(3264, 'Yasothon', 209, 'Yasothon', 1),
(3265, 'Kara', 210, 'K', 1),
(3266, 'Plateaux', 210, 'P', 1),
(3267, 'Savanes', 210, 'S', 1),
(3268, 'Centrale', 210, 'C', 1),
(3269, 'Maritime', 210, 'M', 1),
(3270, 'Atafu', 211, 'A', 1),
(3271, 'Fakaofo', 211, 'F', 1),
(3272, 'Nukunonu', 211, 'N', 1),
(3273, 'Ha\'apai', 212, 'H', 1),
(3274, 'Tongatapu', 212, 'T', 1),
(3275, 'Vava\'u', 212, 'V', 1),
(3276, 'Couva/Tabaquite/Talparo', 213, 'CT', 1),
(3277, 'Diego Martin', 213, 'DM', 1),
(3278, 'Mayaro/Rio Claro', 213, 'MR', 1),
(3279, 'Penal/Debe', 213, 'PD', 1),
(3280, 'Princes Town', 213, 'PT', 1),
(3281, 'Sangre Grande', 213, 'SG', 1),
(3282, 'San Juan/Laventille', 213, 'SL', 1),
(3283, 'Siparia', 213, 'SI', 1),
(3284, 'Tunapuna/Piarco', 213, 'TP', 1),
(3285, 'Port of Spain', 213, 'PS', 1),
(3286, 'San Fernando', 213, 'SF', 1),
(3287, 'Arima', 213, 'AR', 1),
(3288, 'Point Fortin', 213, 'PF', 1),
(3289, 'Chaguanas', 213, 'CH', 1),
(3290, 'Tobago', 213, 'TO', 1),
(3291, 'Ariana', 214, 'AR', 1),
(3292, 'Beja', 214, 'BJ', 1),
(3293, 'Ben Arous', 214, 'BA', 1),
(3294, 'Bizerte', 214, 'BI', 1),
(3295, 'Gabes', 214, 'GB', 1),
(3296, 'Gafsa', 214, 'GF', 1),
(3297, 'Jendouba', 214, 'JE', 1),
(3298, 'Kairouan', 214, 'KR', 1),
(3299, 'Kasserine', 214, 'KS', 1),
(3300, 'Kebili', 214, 'KB', 1),
(3301, 'Kef', 214, 'KF', 1),
(3302, 'Mahdia', 214, 'MH', 1),
(3303, 'Manouba', 214, 'MN', 1),
(3304, 'Medenine', 214, 'ME', 1),
(3305, 'Monastir', 214, 'MO', 1),
(3306, 'Nabeul', 214, 'NA', 1),
(3307, 'Sfax', 214, 'SF', 1),
(3308, 'Sidi', 214, 'SD', 1),
(3309, 'Siliana', 214, 'SL', 1),
(3310, 'Sousse', 214, 'SO', 1),
(3311, 'Tataouine', 214, 'TA', 1),
(3312, 'Tozeur', 214, 'TO', 1),
(3313, 'Tunis', 214, 'TU', 1),
(3314, 'Zaghouan', 214, 'ZA', 1),
(3315, 'Adana', 215, 'ADA', 1),
(3316, 'Adıyaman', 215, 'ADI', 1),
(3317, 'Afyonkarahisar', 215, 'AFY', 1),
(3318, 'Ağrı', 215, 'AGR', 1),
(3319, 'Aksaray', 215, 'AKS', 1),
(3320, 'Amasya', 215, 'AMA', 1),
(3321, 'Ankara', 215, 'ANK', 1),
(3322, 'Antalya', 215, 'ANT', 1),
(3323, 'Ardahan', 215, 'ARD', 1),
(3324, 'Artvin', 215, 'ART', 1),
(3325, 'Aydın', 215, 'AYI', 1),
(3326, 'Balıkesir', 215, 'BAL', 1),
(3327, 'Bartın', 215, 'BAR', 1),
(3328, 'Batman', 215, 'BAT', 1),
(3329, 'Bayburt', 215, 'BAY', 1),
(3330, 'Bilecik', 215, 'BIL', 1),
(3331, 'Bingöl', 215, 'BIN', 1),
(3332, 'Bitlis', 215, 'BIT', 1),
(3333, 'Bolu', 215, 'BOL', 1),
(3334, 'Burdur', 215, 'BRD', 1),
(3335, 'Bursa', 215, 'BRS', 1),
(3336, 'Çanakkale', 215, 'CKL', 1),
(3337, 'Çankırı', 215, 'CKR', 1),
(3338, 'Çorum', 215, 'COR', 1),
(3339, 'Denizli', 215, 'DEN', 1),
(3340, 'Diyarbakır', 215, 'DIY', 1),
(3341, 'Düzce', 215, 'DUZ', 1),
(3342, 'Edirne', 215, 'EDI', 1),
(3343, 'Elazığ', 215, 'ELA', 1),
(3344, 'Erzincan', 215, 'EZC', 1),
(3345, 'Erzurum', 215, 'EZR', 1),
(3346, 'Eskişehir', 215, 'ESK', 1),
(3347, 'Gaziantep', 215, 'GAZ', 1),
(3348, 'Giresun', 215, 'GIR', 1),
(3349, 'Gümüşhane', 215, 'GMS', 1),
(3350, 'Hakkari', 215, 'HKR', 1),
(3351, 'Hatay', 215, 'HTY', 1),
(3352, 'Iğdır', 215, 'IGD', 1),
(3353, 'Isparta', 215, 'ISP', 1),
(3354, 'İstanbul', 215, 'IST', 1),
(3355, 'İzmir', 215, 'IZM', 1),
(3356, 'Kahramanmaraş', 215, 'KAH', 1),
(3357, 'Karabük', 215, 'KRB', 1),
(3358, 'Karaman', 215, 'KRM', 1),
(3359, 'Kars', 215, 'KRS', 1),
(3360, 'Kastamonu', 215, 'KAS', 1),
(3361, 'Kayseri', 215, 'KAY', 1),
(3362, 'Kilis', 215, 'KLS', 1),
(3363, 'Kırıkkale', 215, 'KRK', 1),
(3364, 'Kırklareli', 215, 'KLR', 1),
(3365, 'Kırşehir', 215, 'KRH', 1),
(3366, 'Kocaeli', 215, 'KOC', 1),
(3367, 'Konya', 215, 'KON', 1),
(3368, 'Kütahya', 215, 'KUT', 1),
(3369, 'Malatya', 215, 'MAL', 1),
(3370, 'Manisa', 215, 'MAN', 1),
(3371, 'Mardin', 215, 'MAR', 1),
(3372, 'Mersin', 215, 'MER', 1),
(3373, 'Muğla', 215, 'MUG', 1),
(3374, 'Muş', 215, 'MUS', 1),
(3375, 'Nevşehir', 215, 'NEV', 1),
(3376, 'Niğde', 215, 'NIG', 1),
(3377, 'Ordu', 215, 'ORD', 1),
(3378, 'Osmaniye', 215, 'OSM', 1),
(3379, 'Rize', 215, 'RIZ', 1),
(3380, 'Sakarya', 215, 'SAK', 1),
(3381, 'Samsun', 215, 'SAM', 1),
(3382, 'Şanlıurfa', 215, 'SAN', 1),
(3383, 'Siirt', 215, 'SII', 1),
(3384, 'Sinop', 215, 'SIN', 1),
(3385, 'Şırnak', 215, 'SIR', 1),
(3386, 'Sivas', 215, 'SIV', 1),
(3387, 'Tekirdağ', 215, 'TEL', 1),
(3388, 'Tokat', 215, 'TOK', 1),
(3389, 'Trabzon', 215, 'TRA', 1),
(3390, 'Tunceli', 215, 'TUN', 1),
(3391, 'Uşak', 215, 'USK', 1),
(3392, 'Van', 215, 'VAN', 1),
(3393, 'Yalova', 215, 'YAL', 1),
(3394, 'Yozgat', 215, 'YOZ', 1),
(3395, 'Zonguldak', 215, 'ZON', 1),
(3396, 'Ahal Welayaty', 216, 'A', 1),
(3397, 'Balkan Welayaty', 216, 'B', 1),
(3398, 'Dashhowuz Welayaty', 216, 'D', 1),
(3399, 'Lebap Welayaty', 216, 'L', 1),
(3400, 'Mary Welayaty', 216, 'M', 1),
(3401, 'Ambergris Cays', 217, 'AC', 1),
(3402, 'Dellis Cay', 217, 'DC', 1),
(3403, 'French Cay', 217, 'FC', 1),
(3404, 'Little Water Cay', 217, 'LW', 1),
(3405, 'Parrot Cay', 217, 'RC', 1),
(3406, 'Pine Cay', 217, 'PN', 1),
(3407, 'Salt Cay', 217, 'SL', 1),
(3408, 'Grand Turk', 217, 'GT', 1),
(3409, 'South Caicos', 217, 'SC', 1),
(3410, 'East Caicos', 217, 'EC', 1),
(3411, 'Middle Caicos', 217, 'MC', 1),
(3412, 'North Caicos', 217, 'NC', 1),
(3413, 'Providenciales', 217, 'PR', 1),
(3414, 'West Caicos', 217, 'WC', 1),
(3415, 'Nanumanga', 218, 'NMG', 1),
(3416, 'Niulakita', 218, 'NLK', 1),
(3417, 'Niutao', 218, 'NTO', 1),
(3418, 'Funafuti', 218, 'FUN', 1),
(3419, 'Nanumea', 218, 'NME', 1),
(3420, 'Nui', 218, 'NUI', 1),
(3421, 'Nukufetau', 218, 'NFT', 1),
(3422, 'Nukulaelae', 218, 'NLL', 1),
(3423, 'Vaitupu', 218, 'VAI', 1),
(3424, 'Kalangala', 219, 'KAL', 1),
(3425, 'Kampala', 219, 'KMP', 1),
(3426, 'Kayunga', 219, 'KAY', 1),
(3427, 'Kiboga', 219, 'KIB', 1),
(3428, 'Luwero', 219, 'LUW', 1),
(3429, 'Masaka', 219, 'MAS', 1),
(3430, 'Mpigi', 219, 'MPI', 1),
(3431, 'Mubende', 219, 'MUB', 1),
(3432, 'Mukono', 219, 'MUK', 1),
(3433, 'Nakasongola', 219, 'NKS', 1),
(3434, 'Rakai', 219, 'RAK', 1),
(3435, 'Sembabule', 219, 'SEM', 1),
(3436, 'Wakiso', 219, 'WAK', 1),
(3437, 'Bugiri', 219, 'BUG', 1),
(3438, 'Busia', 219, 'BUS', 1),
(3439, 'Iganga', 219, 'IGA', 1),
(3440, 'Jinja', 219, 'JIN', 1),
(3441, 'Kaberamaido', 219, 'KAB', 1),
(3442, 'Kamuli', 219, 'KML', 1),
(3443, 'Kapchorwa', 219, 'KPC', 1),
(3444, 'Katakwi', 219, 'KTK', 1),
(3445, 'Kumi', 219, 'KUM', 1),
(3446, 'Mayuge', 219, 'MAY', 1),
(3447, 'Mbale', 219, 'MBA', 1),
(3448, 'Pallisa', 219, 'PAL', 1),
(3449, 'Sironko', 219, 'SIR', 1),
(3450, 'Soroti', 219, 'SOR', 1),
(3451, 'Tororo', 219, 'TOR', 1),
(3452, 'Adjumani', 219, 'ADJ', 1),
(3453, 'Apac', 219, 'APC', 1),
(3454, 'Arua', 219, 'ARU', 1),
(3455, 'Gulu', 219, 'GUL', 1),
(3456, 'Kitgum', 219, 'KIT', 1),
(3457, 'Kotido', 219, 'KOT', 1),
(3458, 'Lira', 219, 'LIR', 1),
(3459, 'Moroto', 219, 'MRT', 1),
(3460, 'Moyo', 219, 'MOY', 1),
(3461, 'Nakapiripirit', 219, 'NAK', 1),
(3462, 'Nebbi', 219, 'NEB', 1),
(3463, 'Pader', 219, 'PAD', 1),
(3464, 'Yumbe', 219, 'YUM', 1),
(3465, 'Bundibugyo', 219, 'BUN', 1),
(3466, 'Bushenyi', 219, 'BSH', 1),
(3467, 'Hoima', 219, 'HOI', 1),
(3468, 'Kabale', 219, 'KBL', 1),
(3469, 'Kabarole', 219, 'KAR', 1),
(3470, 'Kamwenge', 219, 'KAM', 1),
(3471, 'Kanungu', 219, 'KAN', 1),
(3472, 'Kasese', 219, 'KAS', 1),
(3473, 'Kibaale', 219, 'KBA', 1),
(3474, 'Kisoro', 219, 'KIS', 1),
(3475, 'Kyenjojo', 219, 'KYE', 1),
(3476, 'Masindi', 219, 'MSN', 1),
(3477, 'Mbarara', 219, 'MBR', 1),
(3478, 'Ntungamo', 219, 'NTU', 1),
(3479, 'Rukungiri', 219, 'RUK', 1),
(3480, 'Cherkas\'ka Oblast\'', 220, '71', 1),
(3481, 'Chernihivs\'ka Oblast\'', 220, '74', 1),
(3482, 'Chernivets\'ka Oblast\'', 220, '77', 1),
(3483, 'Crimea', 220, '43', 1),
(3484, 'Dnipropetrovs\'ka Oblast\'', 220, '12', 1),
(3485, 'Donets\'ka Oblast\'', 220, '14', 1),
(3486, 'Ivano-Frankivs\'ka Oblast\'', 220, '26', 1),
(3487, 'Khersons\'ka Oblast\'', 220, '65', 1),
(3488, 'Khmel\'nyts\'ka Oblast\'', 220, '68', 1),
(3489, 'Kirovohrads\'ka Oblast\'', 220, '35', 1),
(3490, 'Kyiv', 220, '30', 1),
(3491, 'Kyivs\'ka Oblast\'', 220, '32', 1),
(3492, 'Luhans\'ka Oblast\'', 220, '09', 1),
(3493, 'L\'vivs\'ka Oblast\'', 220, '46', 1),
(3494, 'Mykolayivs\'ka Oblast\'', 220, '48', 1),
(3495, 'Odes\'ka Oblast\'', 220, '51', 1),
(3496, 'Poltavs\'ka Oblast\'', 220, '53', 1),
(3497, 'Rivnens\'ka Oblast\'', 220, '56', 1),
(3498, 'Sevastopol\'', 220, '40', 1),
(3499, 'Sums\'ka Oblast\'', 220, '59', 1),
(3500, 'Ternopil\'s\'ka Oblast\'', 220, '61', 1),
(3501, 'Vinnyts\'ka Oblast\'', 220, '05', 1),
(3502, 'Volyns\'ka Oblast\'', 220, '07', 1),
(3503, 'Zakarpats\'ka Oblast\'', 220, '21', 1),
(3504, 'Zaporiz\'ka Oblast\'', 220, '23', 1),
(3505, 'Zhytomyrs\'ka oblast\'', 220, '18', 1),
(3506, 'Abu Dhabi', 221, 'ADH', 1),
(3507, '\'Ajman', 221, 'AJ', 1),
(3508, 'Al Fujayrah', 221, 'FU', 1),
(3509, 'Ash Shariqah', 221, 'SH', 1),
(3510, 'Dubai', 221, 'DU', 1),
(3511, 'R\'as al Khaymah', 221, 'RK', 1),
(3512, 'Umm al Qaywayn', 221, 'UQ', 1),
(3513, 'Aberdeen', 222, 'ABN', 1),
(3514, 'Aberdeenshire', 222, 'ABNS', 1),
(3515, 'Anglesey', 222, 'ANG', 1),
(3516, 'Angus', 222, 'AGS', 1),
(3517, 'Argyll and Bute', 222, 'ARY', 1),
(3518, 'Bedfordshire', 222, 'BEDS', 1),
(3519, 'Berkshire', 222, 'BERKS', 1),
(3520, 'Blaenau Gwent', 222, 'BLA', 1),
(3521, 'Bridgend', 222, 'BRI', 1),
(3522, 'Bristol', 222, 'BSTL', 1),
(3523, 'Buckinghamshire', 222, 'BUCKS', 1),
(3524, 'Caerphilly', 222, 'CAE', 1),
(3525, 'Cambridgeshire', 222, 'CAMBS', 1),
(3526, 'Cardiff', 222, 'CDF', 1),
(3527, 'Carmarthenshire', 222, 'CARM', 1),
(3528, 'Ceredigion', 222, 'CDGN', 1),
(3529, 'Cheshire', 222, 'CHES', 1),
(3530, 'Clackmannanshire', 222, 'CLACK', 1),
(3531, 'Conwy', 222, 'CON', 1),
(3532, 'Cornwall', 222, 'CORN', 1),
(3533, 'Denbighshire', 222, 'DNBG', 1),
(3534, 'Derbyshire', 222, 'DERBY', 1),
(3535, 'Devon', 222, 'DVN', 1),
(3536, 'Dorset', 222, 'DOR', 1),
(3537, 'Dumfries and Galloway', 222, 'DGL', 1),
(3538, 'Dundee', 222, 'DUND', 1),
(3539, 'Durham', 222, 'DHM', 1),
(3540, 'East Ayrshire', 222, 'ARYE', 1),
(3541, 'East Dunbartonshire', 222, 'DUNBE', 1),
(3542, 'East Lothian', 222, 'LOTE', 1),
(3543, 'East Renfrewshire', 222, 'RENE', 1),
(3544, 'East Riding of Yorkshire', 222, 'ERYS', 1),
(3545, 'East Sussex', 222, 'SXE', 1),
(3546, 'Edinburgh', 222, 'EDIN', 1),
(3547, 'Essex', 222, 'ESX', 1),
(3548, 'Falkirk', 222, 'FALK', 1),
(3549, 'Fife', 222, 'FFE', 1),
(3550, 'Flintshire', 222, 'FLINT', 1),
(3551, 'Glasgow', 222, 'GLAS', 1),
(3552, 'Gloucestershire', 222, 'GLOS', 1),
(3553, 'Greater London', 222, 'LDN', 1),
(3554, 'Greater Manchester', 222, 'MCH', 1),
(3555, 'Gwynedd', 222, 'GDD', 1),
(3556, 'Hampshire', 222, 'HANTS', 1),
(3557, 'Herefordshire', 222, 'HWR', 1),
(3558, 'Hertfordshire', 222, 'HERTS', 1),
(3559, 'Highlands', 222, 'HLD', 1),
(3560, 'Inverclyde', 222, 'IVER', 1),
(3561, 'Isle of Wight', 222, 'IOW', 1),
(3562, 'Kent', 222, 'KNT', 1),
(3563, 'Lancashire', 222, 'LANCS', 1),
(3564, 'Leicestershire', 222, 'LEICS', 1),
(3565, 'Lincolnshire', 222, 'LINCS', 1),
(3566, 'Merseyside', 222, 'MSY', 1),
(3567, 'Merthyr Tydfil', 222, 'MERT', 1),
(3568, 'Midlothian', 222, 'MLOT', 1),
(3569, 'Monmouthshire', 222, 'MMOUTH', 1),
(3570, 'Moray', 222, 'MORAY', 1),
(3571, 'Neath Port Talbot', 222, 'NPRTAL', 1),
(3572, 'Newport', 222, 'NEWPT', 1),
(3573, 'Norfolk', 222, 'NOR', 1),
(3574, 'North Ayrshire', 222, 'ARYN', 1),
(3575, 'North Lanarkshire', 222, 'LANN', 1),
(3576, 'North Yorkshire', 222, 'YSN', 1),
(3577, 'Northamptonshire', 222, 'NHM', 1),
(3578, 'Northumberland', 222, 'NLD', 1),
(3579, 'Nottinghamshire', 222, 'NOT', 1),
(3580, 'Orkney Islands', 222, 'ORK', 1),
(3581, 'Oxfordshire', 222, 'OFE', 1),
(3582, 'Pembrokeshire', 222, 'PEM', 1),
(3583, 'Perth and Kinross', 222, 'PERTH', 1),
(3584, 'Powys', 222, 'PWS', 1),
(3585, 'Renfrewshire', 222, 'REN', 1),
(3586, 'Rhondda Cynon Taff', 222, 'RHON', 1),
(3587, 'Rutland', 222, 'RUT', 1),
(3588, 'Scottish Borders', 222, 'BOR', 1),
(3589, 'Shetland Islands', 222, 'SHET', 1),
(3590, 'Shropshire', 222, 'SPE', 1),
(3591, 'Somerset', 222, 'SOM', 1),
(3592, 'South Ayrshire', 222, 'ARYS', 1),
(3593, 'South Lanarkshire', 222, 'LANS', 1),
(3594, 'South Yorkshire', 222, 'YSS', 1),
(3595, 'Staffordshire', 222, 'SFD', 1),
(3596, 'Stirling', 222, 'STIR', 1),
(3597, 'Suffolk', 222, 'SFK', 1),
(3598, 'Surrey', 222, 'SRY', 1),
(3599, 'Swansea', 222, 'SWAN', 1),
(3600, 'Torfaen', 222, 'TORF', 1),
(3601, 'Tyne and Wear', 222, 'TWR', 1),
(3602, 'Vale of Glamorgan', 222, 'VGLAM', 1),
(3603, 'Warwickshire', 222, 'WARKS', 1),
(3604, 'West Dunbartonshire', 222, 'WDUN', 1),
(3605, 'West Lothian', 222, 'WLOT', 1),
(3606, 'West Midlands', 222, 'WMD', 1),
(3607, 'West Sussex', 222, 'SXW', 1),
(3608, 'West Yorkshire', 222, 'YSW', 1),
(3609, 'Western Isles', 222, 'WIL', 1),
(3610, 'Wiltshire', 222, 'WLT', 1),
(3611, 'Worcestershire', 222, 'WORCS', 1),
(3612, 'Wrexham', 222, 'WRX', 1),
(3613, 'Alabama', 223, 'AL', 1),
(3614, 'Alaska', 223, 'AK', 1),
(3615, 'American Samoa', 223, 'AS', 1),
(3616, 'Arizona', 223, 'AZ', 1),
(3617, 'Arkansas', 223, 'AR', 1),
(3618, 'Armed Forces Africa', 223, 'AF', 1),
(3619, 'Armed Forces Americas', 223, 'AA', 1),
(3620, 'Armed Forces Canada', 223, 'AC', 1),
(3621, 'Armed Forces Europe', 223, 'AE', 1),
(3622, 'Armed Forces Middle East', 223, 'AM', 1),
(3623, 'Armed Forces Pacific', 223, 'AP', 1),
(3624, 'California', 223, 'CA', 1),
(3625, 'Colorado', 223, 'CO', 1),
(3626, 'Connecticut', 223, 'CT', 1),
(3627, 'Delaware', 223, 'DE', 1),
(3628, 'District of Columbia', 223, 'DC', 1),
(3629, 'Federated States Of Micronesia', 223, 'FM', 1),
(3630, 'Florida', 223, 'FL', 1),
(3631, 'Georgia', 223, 'GA', 1),
(3632, 'Guam', 223, 'GU', 1),
(3633, 'Hawaii', 223, 'HI', 1),
(3634, 'Idaho', 223, 'ID', 1),
(3635, 'Illinois', 223, 'IL', 1),
(3636, 'Indiana', 223, 'IN', 1),
(3637, 'Iowa', 223, 'IA', 1),
(3638, 'Kansas', 223, 'KS', 1),
(3639, 'Kentucky', 223, 'KY', 1),
(3640, 'Louisiana', 223, 'LA', 1),
(3641, 'Maine', 223, 'ME', 1),
(3642, 'Marshall Islands', 223, 'MH', 1),
(3643, 'Maryland', 223, 'MD', 1),
(3644, 'Massachusetts', 223, 'MA', 1),
(3645, 'Michigan', 223, 'MI', 1),
(3646, 'Minnesota', 223, 'MN', 1),
(3647, 'Mississippi', 223, 'MS', 1),
(3648, 'Missouri', 223, 'MO', 1),
(3649, 'Montana', 223, 'MT', 1),
(3650, 'Nebraska', 223, 'NE', 1),
(3651, 'Nevada', 223, 'NV', 1),
(3652, 'New Hampshire', 223, 'NH', 1),
(3653, 'New Jersey', 223, 'NJ', 1),
(3654, 'New Mexico', 223, 'NM', 1),
(3655, 'New York', 223, 'NY', 1),
(3656, 'North Carolina', 223, 'NC', 1),
(3657, 'North Dakota', 223, 'ND', 1),
(3658, 'Northern Mariana Islands', 223, 'MP', 1),
(3659, 'Ohio', 223, 'OH', 1),
(3660, 'Oklahoma', 223, 'OK', 1),
(3661, 'Oregon', 223, 'OR', 1),
(3662, 'Palau', 223, 'PW', 1),
(3663, 'Pennsylvania', 223, 'PA', 1),
(3664, 'Puerto Rico', 223, 'PR', 1),
(3665, 'Rhode Island', 223, 'RI', 1),
(3666, 'South Carolina', 223, 'SC', 1),
(3667, 'South Dakota', 223, 'SD', 1),
(3668, 'Tennessee', 223, 'TN', 1),
(3669, 'Texas', 223, 'TX', 1),
(3670, 'Utah', 223, 'UT', 1),
(3671, 'Vermont', 223, 'VT', 1),
(3672, 'Virgin Islands', 223, 'VI', 1),
(3673, 'Virginia', 223, 'VA', 1),
(3674, 'Washington', 223, 'WA', 1),
(3675, 'West Virginia', 223, 'WV', 1),
(3676, 'Wisconsin', 223, 'WI', 1),
(3677, 'Wyoming', 223, 'WY', 1),
(3678, 'Baker Island', 224, 'BI', 1),
(3679, 'Howland Island', 224, 'HI', 1),
(3680, 'Jarvis Island', 224, 'JI', 1),
(3681, 'Johnston Atoll', 224, 'JA', 1),
(3682, 'Kingman Reef', 224, 'KR', 1),
(3683, 'Midway Atoll', 224, 'MA', 1),
(3684, 'Navassa Island', 224, 'NI', 1),
(3685, 'Palmyra Atoll', 224, 'PA', 1),
(3686, 'Wake Island', 224, 'WI', 1),
(3687, 'Artigas', 225, 'AR', 1),
(3688, 'Canelones', 225, 'CA', 1),
(3689, 'Cerro Largo', 225, 'CL', 1),
(3690, 'Colonia', 225, 'CO', 1),
(3691, 'Durazno', 225, 'DU', 1),
(3692, 'Flores', 225, 'FS', 1),
(3693, 'Florida', 225, 'FA', 1),
(3694, 'Lavalleja', 225, 'LA', 1),
(3695, 'Maldonado', 225, 'MA', 1),
(3696, 'Montevideo', 225, 'MO', 1),
(3697, 'Paysandu', 225, 'PA', 1),
(3698, 'Rio Negro', 225, 'RN', 1),
(3699, 'Rivera', 225, 'RV', 1),
(3700, 'Rocha', 225, 'RO', 1),
(3701, 'Salto', 225, 'SL', 1),
(3702, 'San Jose', 225, 'SJ', 1),
(3703, 'Soriano', 225, 'SO', 1),
(3704, 'Tacuarembo', 225, 'TA', 1),
(3705, 'Treinta y Tres', 225, 'TT', 1),
(3706, 'Andijon', 226, 'AN', 1),
(3707, 'Buxoro', 226, 'BU', 1),
(3708, 'Farg\'ona', 226, 'FA', 1),
(3709, 'Jizzax', 226, 'JI', 1),
(3710, 'Namangan', 226, 'NG', 1),
(3711, 'Navoiy', 226, 'NW', 1),
(3712, 'Qashqadaryo', 226, 'QA', 1),
(3713, 'Qoraqalpog\'iston Republikasi', 226, 'QR', 1),
(3714, 'Samarqand', 226, 'SA', 1),
(3715, 'Sirdaryo', 226, 'SI', 1),
(3716, 'Surxondaryo', 226, 'SU', 1),
(3717, 'Toshkent City', 226, 'TK', 1),
(3718, 'Toshkent Region', 226, 'TO', 1),
(3719, 'Xorazm', 226, 'XO', 1),
(3720, 'Malampa', 227, 'MA', 1),
(3721, 'Penama', 227, 'PE', 1),
(3722, 'Sanma', 227, 'SA', 1),
(3723, 'Shefa', 227, 'SH', 1),
(3724, 'Tafea', 227, 'TA', 1),
(3725, 'Torba', 227, 'TO', 1),
(3726, 'Amazonas', 229, 'AM', 1),
(3727, 'Anzoategui', 229, 'AN', 1),
(3728, 'Apure', 229, 'AP', 1),
(3729, 'Aragua', 229, 'AR', 1),
(3730, 'Barinas', 229, 'BA', 1),
(3731, 'Bolivar', 229, 'BO', 1),
(3732, 'Carabobo', 229, 'CA', 1),
(3733, 'Cojedes', 229, 'CO', 1),
(3734, 'Delta Amacuro', 229, 'DA', 1),
(3735, 'Dependencias Federales', 229, 'DF', 1),
(3736, 'Distrito Federal', 229, 'DI', 1),
(3737, 'Falcon', 229, 'FA', 1),
(3738, 'Guarico', 229, 'GU', 1),
(3739, 'Lara', 229, 'LA', 1),
(3740, 'Merida', 229, 'ME', 1),
(3741, 'Miranda', 229, 'MI', 1),
(3742, 'Monagas', 229, 'MO', 1),
(3743, 'Nueva Esparta', 229, 'NE', 1),
(3744, 'Portuguesa', 229, 'PO', 1),
(3745, 'Sucre', 229, 'SU', 1),
(3746, 'Tachira', 229, 'TA', 1),
(3747, 'Trujillo', 229, 'TR', 1),
(3748, 'Vargas', 229, 'VA', 1),
(3749, 'Yaracuy', 229, 'YA', 1),
(3750, 'Zulia', 229, 'ZU', 1),
(3751, 'An Giang', 230, 'AG', 1),
(3752, 'Bac Giang', 230, 'BG', 1),
(3753, 'Bac Kan', 230, 'BK', 1),
(3754, 'Bac Lieu', 230, 'BL', 1),
(3755, 'Bac Ninh', 230, 'BC', 1),
(3756, 'Ba Ria-Vung Tau', 230, 'BR', 1),
(3757, 'Ben Tre', 230, 'BN', 1),
(3758, 'Binh Dinh', 230, 'BH', 1),
(3759, 'Binh Duong', 230, 'BU', 1),
(3760, 'Binh Phuoc', 230, 'BP', 1),
(3761, 'Binh Thuan', 230, 'BT', 1),
(3762, 'Ca Mau', 230, 'CM', 1),
(3763, 'Can Tho', 230, 'CT', 1),
(3764, 'Cao Bang', 230, 'CB', 1),
(3765, 'Dak Lak', 230, 'DL', 1),
(3766, 'Dak Nong', 230, 'DG', 1),
(3767, 'Da Nang', 230, 'DN', 1),
(3768, 'Dien Bien', 230, 'DB', 1),
(3769, 'Dong Nai', 230, 'DI', 1),
(3770, 'Dong Thap', 230, 'DT', 1),
(3771, 'Gia Lai', 230, 'GL', 1),
(3772, 'Ha Giang', 230, 'HG', 1),
(3773, 'Hai Duong', 230, 'HD', 1),
(3774, 'Hai Phong', 230, 'HP', 1),
(3775, 'Ha Nam', 230, 'HM', 1),
(3776, 'Ha Noi', 230, 'HI', 1),
(3777, 'Ha Tay', 230, 'HT', 1),
(3778, 'Ha Tinh', 230, 'HH', 1),
(3779, 'Hoa Binh', 230, 'HB', 1),
(3780, 'Ho Chi Minh City', 230, 'HC', 1),
(3781, 'Hau Giang', 230, 'HU', 1),
(3782, 'Hung Yen', 230, 'HY', 1),
(3783, 'Saint Croix', 232, 'C', 1),
(3784, 'Saint John', 232, 'J', 1),
(3785, 'Saint Thomas', 232, 'T', 1),
(3786, 'Alo', 233, 'A', 1),
(3787, 'Sigave', 233, 'S', 1),
(3788, 'Wallis', 233, 'W', 1),
(3789, 'Abyan', 235, 'AB', 1),
(3790, 'Adan', 235, 'AD', 1),
(3791, 'Amran', 235, 'AM', 1),
(3792, 'Al Bayda', 235, 'BA', 1),
(3793, 'Ad Dali', 235, 'DA', 1),
(3794, 'Dhamar', 235, 'DH', 1),
(3795, 'Hadramawt', 235, 'HD', 1),
(3796, 'Hajjah', 235, 'HJ', 1),
(3797, 'Al Hudaydah', 235, 'HU', 1),
(3798, 'Ibb', 235, 'IB', 1),
(3799, 'Al Jawf', 235, 'JA', 1),
(3800, 'Lahij', 235, 'LA', 1),
(3801, 'Ma\'rib', 235, 'MA', 1),
(3802, 'Al Mahrah', 235, 'MR', 1),
(3803, 'Al Mahwit', 235, 'MW', 1),
(3804, 'Sa\'dah', 235, 'SD', 1),
(3805, 'San\'a', 235, 'SN', 1),
(3806, 'Shabwah', 235, 'SH', 1),
(3807, 'Ta\'izz', 235, 'TA', 1),
(3812, 'Bas-Congo', 237, 'BC', 1),
(3813, 'Bandundu', 237, 'BN', 1),
(3814, 'Equateur', 237, 'EQ', 1),
(3815, 'Katanga', 237, 'KA', 1),
(3816, 'Kasai-Oriental', 237, 'KE', 1),
(3817, 'Kinshasa', 237, 'KN', 1),
(3818, 'Kasai-Occidental', 237, 'KW', 1),
(3819, 'Maniema', 237, 'MA', 1),
(3820, 'Nord-Kivu', 237, 'NK', 1),
(3821, 'Orientale', 237, 'OR', 1),
(3822, 'Sud-Kivu', 237, 'SK', 1),
(3823, 'Central', 238, 'CE', 1),
(3824, 'Copperbelt', 238, 'CB', 1),
(3825, 'Eastern', 238, 'EA', 1),
(3826, 'Luapula', 238, 'LP', 1),
(3827, 'Lusaka', 238, 'LK', 1),
(3828, 'Northern', 238, 'NO', 1),
(3829, 'North-Western', 238, 'NW', 1),
(3830, 'Southern', 238, 'SO', 1),
(3831, 'Western', 238, 'WE', 1),
(3832, 'Bulawayo', 239, 'BU', 1),
(3833, 'Harare', 239, 'HA', 1),
(3834, 'Manicaland', 239, 'ML', 1),
(3835, 'Mashonaland Central', 239, 'MC', 1),
(3836, 'Mashonaland East', 239, 'ME', 1),
(3837, 'Mashonaland West', 239, 'MW', 1),
(3838, 'Masvingo', 239, 'MV', 1),
(3839, 'Matabeleland North', 239, 'MN', 1),
(3840, 'Matabeleland South', 239, 'MS', 1),
(3841, 'Midlands', 239, 'MD', 1),
(3842, 'Agrigento', 105, 'AG', 1),
(3843, 'Alessandria', 105, 'AL', 1),
(3844, 'Ancona', 105, 'AN', 1),
(3845, 'Aosta', 105, 'AO', 1),
(3846, 'Arezzo', 105, 'AR', 1),
(3847, 'Ascoli Piceno', 105, 'AP', 1),
(3848, 'Asti', 105, 'AT', 1),
(3849, 'Avellino', 105, 'AV', 1),
(3850, 'Bari', 105, 'BA', 1),
(3851, 'Belluno', 105, 'BL', 1),
(3852, 'Benevento', 105, 'BN', 1),
(3853, 'Bergamo', 105, 'BG', 1),
(3854, 'Biella', 105, 'BI', 1),
(3855, 'Bologna', 105, 'BO', 1),
(3856, 'Bolzano', 105, 'BZ', 1),
(3857, 'Brescia', 105, 'BS', 1),
(3858, 'Brindisi', 105, 'BR', 1),
(3859, 'Cagliari', 105, 'CA', 1),
(3860, 'Caltanissetta', 105, 'CL', 1),
(3861, 'Campobasso', 105, 'CB', 1),
(3863, 'Caserta', 105, 'CE', 1),
(3864, 'Catania', 105, 'CT', 1),
(3865, 'Catanzaro', 105, 'CZ', 1),
(3866, 'Chieti', 105, 'CH', 1),
(3867, 'Como', 105, 'CO', 1),
(3868, 'Cosenza', 105, 'CS', 1),
(3869, 'Cremona', 105, 'CR', 1),
(3870, 'Crotone', 105, 'KR', 1),
(3871, 'Cuneo', 105, 'CN', 1),
(3872, 'Enna', 105, 'EN', 1),
(3873, 'Ferrara', 105, 'FE', 1),
(3874, 'Firenze', 105, 'FI', 1),
(3875, 'Foggia', 105, 'FG', 1),
(3876, 'Forli-Cesena', 105, 'FC', 1),
(3877, 'Frosinone', 105, 'FR', 1),
(3878, 'Genova', 105, 'GE', 1),
(3879, 'Gorizia', 105, 'GO', 1),
(3880, 'Grosseto', 105, 'GR', 1),
(3881, 'Imperia', 105, 'IM', 1),
(3882, 'Isernia', 105, 'IS', 1),
(3883, 'L&#39;Aquila', 105, 'AQ', 1),
(3884, 'La Spezia', 105, 'SP', 1),
(3885, 'Latina', 105, 'LT', 1),
(3886, 'Lecce', 105, 'LE', 1),
(3887, 'Lecco', 105, 'LC', 1),
(3888, 'Livorno', 105, 'LI', 1),
(3889, 'Lodi', 105, 'LO', 1),
(3890, 'Lucca', 105, 'LU', 1),
(3891, 'Macerata', 105, 'MC', 1),
(3892, 'Mantova', 105, 'MN', 1),
(3893, 'Massa-Carrara', 105, 'MS', 1),
(3894, 'Matera', 105, 'MT', 1),
(3896, 'Messina', 105, 'ME', 1),
(3897, 'Milano', 105, 'MI', 1),
(3898, 'Modena', 105, 'MO', 1),
(3899, 'Napoli', 105, 'NA', 1),
(3900, 'Novara', 105, 'NO', 1),
(3901, 'Nuoro', 105, 'NU', 1),
(3904, 'Oristano', 105, 'OR', 1),
(3905, 'Padova', 105, 'PD', 1),
(3906, 'Palermo', 105, 'PA', 1),
(3907, 'Parma', 105, 'PR', 1),
(3908, 'Pavia', 105, 'PV', 1),
(3909, 'Perugia', 105, 'PG', 1),
(3910, 'Pesaro e Urbino', 105, 'PU', 1),
(3911, 'Pescara', 105, 'PE', 1),
(3912, 'Piacenza', 105, 'PC', 1),
(3913, 'Pisa', 105, 'PI', 1),
(3914, 'Pistoia', 105, 'PT', 1),
(3915, 'Pordenone', 105, 'PN', 1),
(3916, 'Potenza', 105, 'PZ', 1),
(3917, 'Prato', 105, 'PO', 1),
(3918, 'Ragusa', 105, 'RG', 1),
(3919, 'Ravenna', 105, 'RA', 1),
(3920, 'Reggio Calabria', 105, 'RC', 1),
(3921, 'Reggio Emilia', 105, 'RE', 1),
(3922, 'Rieti', 105, 'RI', 1),
(3923, 'Rimini', 105, 'RN', 1),
(3924, 'Roma', 105, 'RM', 1),
(3925, 'Rovigo', 105, 'RO', 1),
(3926, 'Salerno', 105, 'SA', 1),
(3927, 'Sassari', 105, 'SS', 1),
(3928, 'Savona', 105, 'SV', 1),
(3929, 'Siena', 105, 'SI', 1),
(3930, 'Siracusa', 105, 'SR', 1),
(3931, 'Sondrio', 105, 'SO', 1),
(3932, 'Taranto', 105, 'TA', 1),
(3933, 'Teramo', 105, 'TE', 1),
(3934, 'Terni', 105, 'TR', 1),
(3935, 'Torino', 105, 'TO', 1),
(3936, 'Trapani', 105, 'TP', 1),
(3937, 'Trento', 105, 'TN', 1),
(3938, 'Treviso', 105, 'TV', 1),
(3939, 'Trieste', 105, 'TS', 1),
(3940, 'Udine', 105, 'UD', 1),
(3941, 'Varese', 105, 'VA', 1),
(3942, 'Venezia', 105, 'VE', 1),
(3943, 'Verbano-Cusio-Ossola', 105, 'VB', 1),
(3944, 'Vercelli', 105, 'VC', 1),
(3945, 'Verona', 105, 'VR', 1),
(3946, 'Vibo Valentia', 105, 'VV', 1),
(3947, 'Vicenza', 105, 'VI', 1),
(3948, 'Viterbo', 105, 'VT', 1),
(3949, 'County Antrim', 222, 'ANT', 1),
(3950, 'County Armagh', 222, 'ARM', 1),
(3951, 'County Down', 222, 'DOW', 1),
(3952, 'County Fermanagh', 222, 'FER', 1),
(3953, 'County Londonderry', 222, 'LDY', 1),
(3954, 'County Tyrone', 222, 'TYR', 1),
(3955, 'Cumbria', 222, 'CMA', 1),
(3956, 'Pomurska', 190, '1', 1),
(3957, 'Podravska', 190, '2', 1),
(3958, 'Koroška', 190, '3', 1),
(3959, 'Savinjska', 190, '4', 1),
(3960, 'Zasavska', 190, '5', 1),
(3961, 'Spodnjeposavska', 190, '6', 1),
(3962, 'Jugovzhodna Slovenija', 190, '7', 1),
(3963, 'Osrednjeslovenska', 190, '8', 1),
(3964, 'Gorenjska', 190, '9', 1),
(3965, 'Notranjsko-kraška', 190, '10', 1),
(3966, 'Goriška', 190, '11', 1),
(3967, 'Obalno-kraška', 190, '12', 1),
(3968, 'Ruse', 33, '', 1),
(3969, 'Alborz', 101, 'ALB', 1),
(3970, 'Brussels-Capital Region', 21, 'BRU', 1),
(3971, 'Aguascalientes', 138, 'AG', 1),
(3973, 'Andrijevica', 242, '01', 1),
(3974, 'Bar', 242, '02', 1),
(3975, 'Berane', 242, '03', 1),
(3976, 'Bijelo Polje', 242, '04', 1),
(3977, 'Budva', 242, '05', 1),
(3978, 'Cetinje', 242, '06', 1),
(3979, 'Danilovgrad', 242, '07', 1),
(3980, 'Herceg-Novi', 242, '08', 1),
(3981, 'Kolašin', 242, '09', 1),
(3982, 'Kotor', 242, '10', 1),
(3983, 'Mojkovac', 242, '11', 1),
(3984, 'Nikšić', 242, '12', 1),
(3985, 'Plav', 242, '13', 1),
(3986, 'Pljevlja', 242, '14', 1),
(3987, 'Plužine', 242, '15', 1),
(3988, 'Podgorica', 242, '16', 1),
(3989, 'Rožaje', 242, '17', 1),
(3990, 'Šavnik', 242, '18', 1),
(3991, 'Tivat', 242, '19', 1),
(3992, 'Ulcinj', 242, '20', 1),
(3993, 'Žabljak', 242, '21', 1),
(3994, 'Belgrade', 243, '00', 1),
(3995, 'North Bačka', 243, '01', 1),
(3996, 'Central Banat', 243, '02', 1),
(3997, 'North Banat', 243, '03', 1),
(3998, 'South Banat', 243, '04', 1),
(3999, 'West Bačka', 243, '05', 1),
(4000, 'South Bačka', 243, '06', 1),
(4001, 'Srem', 243, '07', 1),
(4002, 'Mačva', 243, '08', 1),
(4003, 'Kolubara', 243, '09', 1),
(4004, 'Podunavlje', 243, '10', 1),
(4005, 'Braničevo', 243, '11', 1),
(4006, 'Šumadija', 243, '12', 1),
(4007, 'Pomoravlje', 243, '13', 1),
(4008, 'Bor', 243, '14', 1),
(4009, 'Zaječar', 243, '15', 1),
(4010, 'Zlatibor', 243, '16', 1),
(4011, 'Moravica', 243, '17', 1),
(4012, 'Raška', 243, '18', 1),
(4013, 'Rasina', 243, '19', 1),
(4014, 'Nišava', 243, '20', 1),
(4015, 'Toplica', 243, '21', 1),
(4016, 'Pirot', 243, '22', 1),
(4017, 'Jablanica', 243, '23', 1),
(4018, 'Pčinja', 243, '24', 1),
(4020, 'Bonaire', 245, 'BO', 1),
(4021, 'Saba', 245, 'SA', 1),
(4022, 'Sint Eustatius', 245, 'SE', 1),
(4023, 'Central Equatoria', 248, 'EC', 1),
(4024, 'Eastern Equatoria', 248, 'EE', 1),
(4025, 'Jonglei', 248, 'JG', 1),
(4026, 'Lakes', 248, 'LK', 1),
(4027, 'Northern Bahr el-Ghazal', 248, 'BN', 1),
(4028, 'Unity', 248, 'UY', 1),
(4029, 'Upper Nile', 248, 'NU', 1),
(4030, 'Warrap', 248, 'WR', 1),
(4031, 'Western Bahr el-Ghazal', 248, 'BW', 1),
(4032, 'Western Equatoria', 248, 'EW', 1),
(4035, 'Putrajaya', 129, 'MY-16', 1),
(4036, 'Ainaži, Salacgrīvas novads', 117, '0661405', 1),
(4037, 'Aizkraukle, Aizkraukles novads', 117, '0320201', 1),
(4038, 'Aizkraukles novads', 117, '0320200', 1),
(4039, 'Aizpute, Aizputes novads', 117, '0640605', 1),
(4040, 'Aizputes novads', 117, '0640600', 1),
(4041, 'Aknīste, Aknīstes novads', 117, '0560805', 1),
(4042, 'Aknīstes novads', 117, '0560800', 1),
(4043, 'Aloja, Alojas novads', 117, '0661007', 1),
(4044, 'Alojas novads', 117, '0661000', 1),
(4045, 'Alsungas novads', 117, '0624200', 1),
(4046, 'Alūksne, Alūksnes novads', 117, '0360201', 1),
(4047, 'Alūksnes novads', 117, '0360200', 1),
(4048, 'Amatas novads', 117, '0424701', 1),
(4049, 'Ape, Apes novads', 117, '0360805', 1),
(4050, 'Apes novads', 117, '0360800', 1),
(4051, 'Auce, Auces novads', 117, '0460805', 1),
(4052, 'Auces novads', 117, '0460800', 1),
(4053, 'Ādažu novads', 117, '0804400', 1),
(4054, 'Babītes novads', 117, '0804900', 1),
(4055, 'Baldone, Baldones novads', 117, '0800605', 1),
(4056, 'Baldones novads', 117, '0800600', 1),
(4057, 'Baloži, Ķekavas novads', 117, '0800807', 1),
(4058, 'Baltinavas novads', 117, '0384400', 1),
(4059, 'Balvi, Balvu novads', 117, '0380201', 1),
(4060, 'Balvu novads', 117, '0380200', 1),
(4061, 'Bauska, Bauskas novads', 117, '0400201', 1),
(4062, 'Bauskas novads', 117, '0400200', 1),
(4063, 'Beverīnas novads', 117, '0964700', 1),
(4064, 'Brocēni, Brocēnu novads', 117, '0840605', 1),
(4065, 'Brocēnu novads', 117, '0840601', 1),
(4066, 'Burtnieku novads', 117, '0967101', 1),
(4067, 'Carnikavas novads', 117, '0805200', 1),
(4068, 'Cesvaine, Cesvaines novads', 117, '0700807', 1),
(4069, 'Cesvaines novads', 117, '0700800', 1),
(4070, 'Cēsis, Cēsu novads', 117, '0420201', 1),
(4071, 'Cēsu novads', 117, '0420200', 1),
(4072, 'Ciblas novads', 117, '0684901', 1),
(4073, 'Dagda, Dagdas novads', 117, '0601009', 1),
(4074, 'Dagdas novads', 117, '0601000', 1),
(4075, 'Daugavpils', 117, '0050000', 1),
(4076, 'Daugavpils novads', 117, '0440200', 1),
(4077, 'Dobele, Dobeles novads', 117, '0460201', 1),
(4078, 'Dobeles novads', 117, '0460200', 1),
(4079, 'Dundagas novads', 117, '0885100', 1),
(4080, 'Durbe, Durbes novads', 117, '0640807', 1),
(4081, 'Durbes novads', 117, '0640801', 1),
(4082, 'Engures novads', 117, '0905100', 1),
(4083, 'Ērgļu novads', 117, '0705500', 1),
(4084, 'Garkalnes novads', 117, '0806000', 1),
(4085, 'Grobiņa, Grobiņas novads', 117, '0641009', 1),
(4086, 'Grobiņas novads', 117, '0641000', 1),
(4087, 'Gulbene, Gulbenes novads', 117, '0500201', 1),
(4088, 'Gulbenes novads', 117, '0500200', 1),
(4089, 'Iecavas novads', 117, '0406400', 1),
(4090, 'Ikšķile, Ikšķiles novads', 117, '0740605', 1),
(4091, 'Ikšķiles novads', 117, '0740600', 1),
(4092, 'Ilūkste, Ilūkstes novads', 117, '0440807', 1),
(4093, 'Ilūkstes novads', 117, '0440801', 1),
(4094, 'Inčukalna novads', 117, '0801800', 1),
(4095, 'Jaunjelgava, Jaunjelgavas novads', 117, '0321007', 1),
(4096, 'Jaunjelgavas novads', 117, '0321000', 1),
(4097, 'Jaunpiebalgas novads', 117, '0425700', 1),
(4098, 'Jaunpils novads', 117, '0905700', 1),
(4099, 'Jelgava', 117, '0090000', 1),
(4100, 'Jelgavas novads', 117, '0540200', 1),
(4101, 'Jēkabpils', 117, '0110000', 1),
(4102, 'Jēkabpils novads', 117, '0560200', 1),
(4103, 'Jūrmala', 117, '0130000', 1),
(4104, 'Kalnciems, Jelgavas novads', 117, '0540211', 1),
(4105, 'Kandava, Kandavas novads', 117, '0901211', 1),
(4106, 'Kandavas novads', 117, '0901201', 1),
(4107, 'Kārsava, Kārsavas novads', 117, '0681009', 1),
(4108, 'Kārsavas novads', 117, '0681000', 1),
(4109, 'Kocēnu novads ,bij. Valmieras)', 117, '0960200', 1),
(4110, 'Kokneses novads', 117, '0326100', 1),
(4111, 'Krāslava, Krāslavas novads', 117, '0600201', 1),
(4112, 'Krāslavas novads', 117, '0600202', 1),
(4113, 'Krimuldas novads', 117, '0806900', 1),
(4114, 'Krustpils novads', 117, '0566900', 1),
(4115, 'Kuldīga, Kuldīgas novads', 117, '0620201', 1),
(4116, 'Kuldīgas novads', 117, '0620200', 1),
(4117, 'Ķeguma novads', 117, '0741001', 1),
(4118, 'Ķegums, Ķeguma novads', 117, '0741009', 1),
(4119, 'Ķekavas novads', 117, '0800800', 1),
(4120, 'Lielvārde, Lielvārdes novads', 117, '0741413', 1),
(4121, 'Lielvārdes novads', 117, '0741401', 1),
(4122, 'Liepāja', 117, '0170000', 1),
(4123, 'Limbaži, Limbažu novads', 117, '0660201', 1),
(4124, 'Limbažu novads', 117, '0660200', 1),
(4125, 'Līgatne, Līgatnes novads', 117, '0421211', 1),
(4126, 'Līgatnes novads', 117, '0421200', 1),
(4127, 'Līvāni, Līvānu novads', 117, '0761211', 1),
(4128, 'Līvānu novads', 117, '0761201', 1),
(4129, 'Lubāna, Lubānas novads', 117, '0701413', 1),
(4130, 'Lubānas novads', 117, '0701400', 1),
(4131, 'Ludza, Ludzas novads', 117, '0680201', 1),
(4132, 'Ludzas novads', 117, '0680200', 1),
(4133, 'Madona, Madonas novads', 117, '0700201', 1),
(4134, 'Madonas novads', 117, '0700200', 1),
(4135, 'Mazsalaca, Mazsalacas novads', 117, '0961011', 1),
(4136, 'Mazsalacas novads', 117, '0961000', 1),
(4137, 'Mālpils novads', 117, '0807400', 1),
(4138, 'Mārupes novads', 117, '0807600', 1),
(4139, 'Mērsraga novads', 117, '0887600', 1),
(4140, 'Naukšēnu novads', 117, '0967300', 1),
(4141, 'Neretas novads', 117, '0327100', 1),
(4142, 'Nīcas novads', 117, '0647900', 1),
(4143, 'Ogre, Ogres novads', 117, '0740201', 1),
(4144, 'Ogres novads', 117, '0740202', 1),
(4145, 'Olaine, Olaines novads', 117, '0801009', 1),
(4146, 'Olaines novads', 117, '0801000', 1),
(4147, 'Ozolnieku novads', 117, '0546701', 1),
(4148, 'Pārgaujas novads', 117, '0427500', 1),
(4149, 'Pāvilosta, Pāvilostas novads', 117, '0641413', 1),
(4150, 'Pāvilostas novads', 117, '0641401', 1),
(4151, 'Piltene, Ventspils novads', 117, '0980213', 1),
(4152, 'Pļaviņas, Pļaviņu novads', 117, '0321413', 1),
(4153, 'Pļaviņu novads', 117, '0321400', 1),
(4154, 'Preiļi, Preiļu novads', 117, '0760201', 1),
(4155, 'Preiļu novads', 117, '0760202', 1),
(4156, 'Priekule, Priekules novads', 117, '0641615', 1),
(4157, 'Priekules novads', 117, '0641600', 1),
(4158, 'Priekuļu novads', 117, '0427300', 1),
(4159, 'Raunas novads', 117, '0427700', 1),
(4160, 'Rēzekne', 117, '0210000', 1),
(4161, 'Rēzeknes novads', 117, '0780200', 1),
(4162, 'Riebiņu novads', 117, '0766300', 1),
(4163, 'Rīga', 117, '0010000', 1),
(4164, 'Rojas novads', 117, '0888300', 1),
(4165, 'Ropažu novads', 117, '0808400', 1),
(4166, 'Rucavas novads', 117, '0648500', 1),
(4167, 'Rugāju novads', 117, '0387500', 1),
(4168, 'Rundāles novads', 117, '0407700', 1),
(4169, 'Rūjiena, Rūjienas novads', 117, '0961615', 1),
(4170, 'Rūjienas novads', 117, '0961600', 1),
(4171, 'Sabile, Talsu novads', 117, '0880213', 1),
(4172, 'Salacgrīva, Salacgrīvas novads', 117, '0661415', 1),
(4173, 'Salacgrīvas novads', 117, '0661400', 1),
(4174, 'Salas novads', 117, '0568700', 1),
(4175, 'Salaspils novads', 117, '0801200', 1),
(4176, 'Salaspils, Salaspils novads', 117, '0801211', 1),
(4177, 'Saldus novads', 117, '0840200', 1),
(4178, 'Saldus, Saldus novads', 117, '0840201', 1),
(4179, 'Saulkrasti, Saulkrastu novads', 117, '0801413', 1),
(4180, 'Saulkrastu novads', 117, '0801400', 1),
(4181, 'Seda, Strenču novads', 117, '0941813', 1),
(4182, 'Sējas novads', 117, '0809200', 1),
(4183, 'Sigulda, Siguldas novads', 117, '0801615', 1),
(4184, 'Siguldas novads', 117, '0801601', 1),
(4185, 'Skrīveru novads', 117, '0328200', 1),
(4186, 'Skrunda, Skrundas novads', 117, '0621209', 1),
(4187, 'Skrundas novads', 117, '0621200', 1),
(4188, 'Smiltene, Smiltenes novads', 117, '0941615', 1),
(4189, 'Smiltenes novads', 117, '0941600', 1),
(4190, 'Staicele, Alojas novads', 117, '0661017', 1),
(4191, 'Stende, Talsu novads', 117, '0880215', 1),
(4192, 'Stopiņu novads', 117, '0809600', 1),
(4193, 'Strenči, Strenču novads', 117, '0941817', 1),
(4194, 'Strenču novads', 117, '0941800', 1),
(4195, 'Subate, Ilūkstes novads', 117, '0440815', 1),
(4196, 'Talsi, Talsu novads', 117, '0880201', 1),
(4197, 'Talsu novads', 117, '0880200', 1),
(4198, 'Tērvetes novads', 117, '0468900', 1),
(4199, 'Tukuma novads', 117, '0900200', 1),
(4200, 'Tukums, Tukuma novads', 117, '0900201', 1),
(4201, 'Vaiņodes novads', 117, '0649300', 1),
(4202, 'Valdemārpils, Talsu novads', 117, '0880217', 1),
(4203, 'Valka, Valkas novads', 117, '0940201', 1),
(4204, 'Valkas novads', 117, '0940200', 1),
(4205, 'Valmiera', 117, '0250000', 1),
(4206, 'Vangaži, Inčukalna novads', 117, '0801817', 1),
(4207, 'Varakļāni, Varakļānu novads', 117, '0701817', 1),
(4208, 'Varakļānu novads', 117, '0701800', 1),
(4209, 'Vārkavas novads', 117, '0769101', 1),
(4210, 'Vecpiebalgas novads', 117, '0429300', 1),
(4211, 'Vecumnieku novads', 117, '0409500', 1),
(4212, 'Ventspils', 117, '0270000', 1),
(4213, 'Ventspils novads', 117, '0980200', 1),
(4214, 'Viesīte, Viesītes novads', 117, '0561815', 1),
(4215, 'Viesītes novads', 117, '0561800', 1),
(4216, 'Viļaka, Viļakas novads', 117, '0381615', 1),
(4217, 'Viļakas novads', 117, '0381600', 1),
(4218, 'Viļāni, Viļānu novads', 117, '0781817', 1),
(4219, 'Viļānu novads', 117, '0781800', 1),
(4220, 'Zilupe, Zilupes novads', 117, '0681817', 1),
(4221, 'Zilupes novads', 117, '0681801', 1),
(4222, 'Arica y Parinacota', 43, 'AP', 1),
(4223, 'Los Rios', 43, 'LR', 1),
(4224, 'Kharkivs\'ka Oblast\'', 220, '63', 1),
(4225, 'Beirut', 118, 'LB-BR', 1),
(4226, 'Bekaa', 118, 'LB-BE', 1),
(4227, 'Mount Lebanon', 118, 'LB-ML', 1),
(4228, 'Nabatieh', 118, 'LB-NB', 1),
(4229, 'North', 118, 'LB-NR', 1),
(4230, 'South', 118, 'LB-ST', 1),
(4231, 'Telangana', 99, 'TS', 1),
(4232, 'Qinghai', 44, 'QH', 1),
(4233, 'Papua Barat', 100, 'PB', 1),
(4234, 'Sulawesi Barat', 100, 'SR', 1),
(4235, 'Kepulauan Riau', 100, 'KR', 1),
(4236, 'Barletta-Andria-Trani', 105, 'BT', 1),
(4237, 'Fermo', 105, 'FM', 1),
(4238, 'Monza Brianza', 105, 'MB', 1),
(4239, 'Atest', 184, 'AT', 0),
(4240, 'غير محدد', 258, 'UC', 1);

-- --------------------------------------------------------

--
-- Table structure for table `countries`
--

CREATE TABLE `countries` (
  `id` int(11) NOT NULL,
  `country_name` varchar(255) COLLATE utf8mb4_unicode_ci NOT NULL,
  `country_code` varchar(2) COLLATE utf8mb4_unicode_ci NOT NULL,
  `country_status` tinyint(4) NOT NULL
) ENGINE=InnoDB DEFAULT CHARSET=utf8mb4 COLLATE=utf8mb4_unicode_ci;

--
-- Dumping data for table `countries`
--

INSERT INTO `countries` (`id`, `country_name`, `country_code`, `country_status`) VALUES
(1, 'Afghanistan', 'AF', 1),
(2, 'Albania', 'AL', 1),
(3, 'Algeria', 'DZ', 1),
(4, 'American Samoa', 'AS', 1),
(5, 'Andorra', 'AD', 1),
(6, 'Angola', 'AO', 1),
(7, 'Anguilla', 'AI', 1),
(8, 'Antarctica', 'AQ', 1),
(9, 'Antigua and Barbuda', 'AG', 1),
(10, 'Argentina', 'AR', 1),
(11, 'Armenia', 'AM', 1),
(12, 'Aruba', 'AW', 1),
(13, 'Australia', 'AU', 1),
(14, 'Austria', 'AT', 1),
(15, 'Azerbaijan', 'AZ', 1),
(16, 'Bahamas', 'BS', 1),
(17, 'Bahrain', 'BH', 1),
(18, 'Bangladesh', 'BD', 1),
(19, 'Barbados', 'BB', 1),
(20, 'Belarus', 'BY', 1),
(21, 'Belgium', 'BE', 1),
(22, 'Belize', 'BZ', 1),
(23, 'Benin', 'BJ', 1),
(24, 'Bermuda', 'BM', 1),
(25, 'Bhutan', 'BT', 1),
(26, 'Bolivia', 'BO', 1),
(27, 'Bosnia and Herzegovina', 'BA', 1),
(28, 'Botswana', 'BW', 1),
(29, 'Bouvet Island', 'BV', 1),
(30, 'Brazil', 'BR', 1),
(31, 'British Indian Ocean Territory', 'IO', 1),
(32, 'Brunei Darussalam', 'BN', 1),
(33, 'Bulgaria', 'BG', 1),
(34, 'Burkina Faso', 'BF', 1),
(35, 'Burundi', 'BI', 1),
(36, 'Cambodia', 'KH', 1),
(37, 'Cameroon', 'CM', 1),
(38, 'Canada', 'CA', 1),
(39, 'Cape Verde', 'CV', 1),
(40, 'Cayman Islands', 'KY', 1),
(41, 'Central African Republic', 'CF', 1),
(42, 'Chad', 'TD', 1),
(43, 'Chile', 'CL', 1),
(44, 'China', 'CN', 1),
(45, 'Christmas Island', 'CX', 1),
(46, 'Cocos (Keeling) Islands', 'CC', 1),
(47, 'Colombia', 'CO', 1),
(48, 'Comoros', 'KM', 1),
(49, 'Congo', 'CG', 1),
(50, 'Cook Islands', 'CK', 1),
(51, 'Costa Rica', 'CR', 1),
(52, 'Cote D\'Ivoire', 'CI', 1),
(53, 'Croatia', 'HR', 1),
(54, 'Cuba', 'CU', 1),
(55, 'Cyprus', 'CY', 1),
(56, 'Czech Republic', 'CZ', 1),
(57, 'Denmark', 'DK', 1),
(58, 'Djibouti', 'DJ', 1),
(59, 'Dominica', 'DM', 1),
(60, 'Dominican Republic', 'DO', 1),
(61, 'East Timor', 'TL', 1),
(62, 'Ecuador', 'EC', 1),
(63, 'Egypt', 'EG', 1),
(64, 'El Salvador', 'SV', 1),
(65, 'Equatorial Guinea', 'GQ', 1),
(66, 'Eritrea', 'ER', 1),
(67, 'Estonia', 'EE', 1),
(68, 'Ethiopia', 'ET', 1),
(69, 'Falkland Islands (Malvinas)', 'FK', 1),
(70, 'Faroe Islands', 'FO', 1),
(71, 'Fiji', 'FJ', 1),
(72, 'Finland', 'FI', 1),
(74, 'France, Metropolitan', 'FR', 1),
(75, 'French Guiana', 'GF', 1),
(76, 'French Polynesia', 'PF', 1),
(77, 'French Southern Territories', 'TF', 1),
(78, 'Gabon', 'GA', 1),
(79, 'Gambia', 'GM', 1),
(80, 'Georgia', 'GE', 1),
(81, 'Germany', 'DE', 1),
(82, 'Ghana', 'GH', 1),
(83, 'Gibraltar', 'GI', 1),
(84, 'Greece', 'GR', 1),
(85, 'Greenland', 'GL', 1),
(86, 'Grenada', 'GD', 1),
(87, 'Guadeloupe', 'GP', 1),
(88, 'Guam', 'GU', 1),
(89, 'Guatemala', 'GT', 1),
(90, 'Guinea', 'GN', 1),
(91, 'Guinea-Bissau', 'GW', 1),
(92, 'Guyana', 'GY', 1),
(93, 'Haiti', 'HT', 1),
(94, 'Heard and Mc Donald Islands', 'HM', 1),
(95, 'Honduras', 'HN', 1),
(96, 'Hong Kong', 'HK', 1),
(97, 'Hungary', 'HU', 1),
(98, 'Iceland', 'IS', 1),
(99, 'India', 'IN', 1),
(100, 'Indonesia', 'ID', 1),
(101, 'Iran (Islamic Republic of)', 'IR', 1),
(102, 'Iraq', 'IQ', 1),
(103, 'Ireland', 'IE', 1),
(104, 'Israel', 'IL', 1),
(105, 'Italy', 'IT', 1),
(106, 'Jamaica', 'JM', 1),
(107, 'Japan', 'JP', 1),
(108, 'Jordan', 'JO', 1),
(109, 'Kazakhstan', 'KZ', 1),
(110, 'Kenya', 'KE', 1),
(111, 'Kiribati', 'KI', 1),
(112, 'North Korea', 'KP', 1),
(113, 'South Korea', 'KR', 1),
(114, 'Kuwait', 'KW', 1),
(115, 'Kyrgyzstan', 'KG', 1),
(116, 'Lao People\'s Democratic Republic', 'LA', 1),
(117, 'Latvia', 'LV', 1),
(118, 'Lebanon', 'LB', 1),
(119, 'Lesotho', 'LS', 1),
(120, 'Liberia', 'LR', 1),
(121, 'Libyan Arab Jamahiriya', 'LY', 1),
(122, 'Liechtenstein', 'LI', 1),
(123, 'Lithuania', 'LT', 1),
(124, 'Luxembourg', 'LU', 1),
(125, 'Macau', 'MO', 1),
(126, 'FYROM', 'MK', 1),
(127, 'Madagascar', 'MG', 1),
(128, 'Malawi', 'MW', 1),
(129, 'Malaysia', 'MY', 1),
(130, 'Maldives', 'MV', 1),
(131, 'Mali', 'ML', 1),
(132, 'Malta', 'MT', 1),
(133, 'Marshall Islands', 'MH', 1),
(134, 'Martinique', 'MQ', 1),
(135, 'Mauritania', 'MR', 1),
(136, 'Mauritius', 'MU', 1),
(137, 'Mayotte', 'YT', 1),
(138, 'Mexico', 'MX', 1),
(139, 'Micronesia, Federated States of', 'FM', 1),
(140, 'Moldova, Republic of', 'MD', 1),
(141, 'Monaco', 'MC', 1),
(142, 'Mongolia', 'MN', 1),
(143, 'Montserrat', 'MS', 1),
(144, 'Morocco', 'MA', 1),
(145, 'Mozambique', 'MZ', 1),
(146, 'Myanmar', 'MM', 1),
(147, 'Namibia', 'NA', 1),
(148, 'Nauru', 'NR', 1),
(149, 'Nepal', 'NP', 1),
(150, 'Netherlands', 'NL', 1),
(151, 'Netherlands Antilles', 'AN', 1),
(152, 'New Caledonia', 'NC', 1),
(153, 'New Zealand', 'NZ', 1),
(154, 'Nicaragua', 'NI', 1),
(155, 'Niger', 'NE', 1),
(156, 'Nigeria', 'NG', 1),
(157, 'Niue', 'NU', 1),
(158, 'Norfolk Island', 'NF', 1),
(159, 'Northern Mariana Islands', 'MP', 1),
(160, 'Norway', 'NO', 1),
(161, 'Oman', 'OM', 1),
(162, 'Pakistan', 'PK', 1),
(163, 'Palau', 'PW', 1),
(164, 'Panama', 'PA', 1),
(165, 'Papua New Guinea', 'PG', 1),
(166, 'Paraguay', 'PY', 1),
(167, 'Peru', 'PE', 1),
(168, 'Philippines', 'PH', 1),
(169, 'Pitcairn', 'PN', 1),
(170, 'Poland', 'PL', 1),
(171, 'Portugal', 'PT', 1),
(172, 'Puerto Rico', 'PR', 1),
(173, 'Qatar', 'QA', 1),
(174, 'Reunion', 'RE', 1),
(175, 'Romania', 'RO', 1),
(176, 'Russian Federation', 'RU', 1),
(177, 'Rwanda', 'RW', 1),
(178, 'Saint Kitts and Nevis', 'KN', 1),
(179, 'Saint Lucia', 'LC', 1),
(180, 'Saint Vincent and the Grenadines', 'VC', 1),
(181, 'Samoa', 'WS', 1),
(182, 'San Marino', 'SM', 1),
(183, 'Sao Tome and Principe', 'ST', 1),
(184, 'Saudi Arabia', 'SA', 1),
(185, 'Senegal', 'SN', 1),
(186, 'Seychelles', 'SC', 1),
(187, 'Sierra Leone', 'SL', 1),
(188, 'Singapore', 'SG', 1),
(189, 'Slovak Republic', 'SK', 1),
(190, 'Slovenia', 'SI', 1),
(191, 'Solomon Islands', 'SB', 1),
(192, 'Somalia', 'SO', 1),
(193, 'South Africa', 'ZA', 1),
(194, 'South Georgia &amp; South Sandwich Islands', 'GS', 1),
(195, 'Spain', 'ES', 1),
(196, 'Sri Lanka', 'LK', 1),
(197, 'St. Helena', 'SH', 1),
(198, 'St. Pierre and Miquelon', 'PM', 1),
(199, 'Sudan', 'SD', 1),
(200, 'Suriname', 'SR', 1),
(201, 'Svalbard and Jan Mayen Islands', 'SJ', 1),
(202, 'Swaziland', 'SZ', 1),
(203, 'Sweden', 'SE', 1),
(204, 'Switzerland', 'CH', 1),
(205, 'Syrian Arab Republic', 'SY', 1),
(206, 'Taiwan', 'TW', 1),
(207, 'Tajikistan', 'TJ', 1),
(208, 'Tanzania, United Republic of', 'TZ', 1),
(209, 'Thailand', 'TH', 1),
(210, 'Togo', 'TG', 1),
(211, 'Tokelau', 'TK', 1),
(212, 'Tonga', 'TO', 1),
(213, 'Trinidad and Tobago', 'TT', 1),
(214, 'Tunisia', 'TN', 1),
(215, 'Turkey', 'TR', 1),
(216, 'Turkmenistan', 'TM', 1),
(217, 'Turks and Caicos Islands', 'TC', 1),
(218, 'Tuvalu', 'TV', 1),
(219, 'Uganda', 'UG', 1),
(220, 'Ukraine', 'UA', 1),
(221, 'United Arab Emirates', 'AE', 1),
(222, 'United Kingdom', 'GB', 1),
(223, 'United States', 'US', 1),
(224, 'United States Minor Outlying Islands', 'UM', 1),
(225, 'Uruguay', 'UY', 1),
(226, 'Uzbekistan', 'UZ', 1),
(227, 'Vanuatu', 'VU', 1),
(228, 'Vatican City State (Holy See)', 'VA', 1),
(229, 'Venezuela', 'VE', 1),
(230, 'Viet Nam', 'VN', 1),
(231, 'Virgin Islands (British)', 'VG', 1),
(232, 'Virgin Islands (U.S.)', 'VI', 1),
(233, 'Wallis and Futuna Islands', 'WF', 1),
(234, 'Western Sahara', 'EH', 1),
(235, 'Yemen', 'YE', 1),
(237, 'Democratic Republic of Congo', 'CD', 1),
(238, 'Zambia', 'ZM', 1),
(239, 'Zimbabwe', 'ZW', 1),
(242, 'Montenegro', 'ME', 1),
(243, 'Serbia', 'RS', 1),
(244, 'Aaland Islands', 'AX', 1),
(245, 'Bonaire, Sint Eustatius and Saba', 'BQ', 1),
(246, 'Curacao', 'CW', 1),
(247, 'Palestinian Territory, Occupied', 'PS', 1),
(248, 'South Sudan', 'SS', 1),
(249, 'St. Barthelemy', 'BL', 1),
(250, 'St. Martin (French part)', 'MF', 1),
(251, 'Canary Islands', 'IC', 1),
(252, 'Ascension Island (British)', 'AC', 1),
(253, 'Kosovo, Republic of', 'XK', 1),
(254, 'Isle of Man', 'IM', 1),
(255, 'Tristan da Cunha', 'TA', 1),
(256, 'Guernsey', 'GG', 1),
(257, 'Jersey', 'JE', 1),
(258, 'غير محدد', 'UN', 1);

-- --------------------------------------------------------

--
-- Table structure for table `currency`
--

CREATE TABLE `currency` (
  `id` int(11) NOT NULL,
  `currency_desc` varchar(30) COLLATE utf8mb4_unicode_ci NOT NULL,
  `currency_code` varchar(5) COLLATE utf8mb4_unicode_ci NOT NULL
) ENGINE=InnoDB DEFAULT CHARSET=utf8mb4 COLLATE=utf8mb4_unicode_ci;

--
-- Dumping data for table `currency`
--

INSERT INTO `currency` (`id`, `currency_desc`, `currency_code`) VALUES
(1, 'ريال سعودي', 'SAR'),
(2, 'دولار أمريكي', 'USD');

-- --------------------------------------------------------

--
-- Table structure for table `degree`
--

CREATE TABLE `degree` (
  `id` int(11) NOT NULL,
  `degreeName` varchar(11) COLLATE utf8mb4_unicode_ci NOT NULL
) ENGINE=InnoDB DEFAULT CHARSET=utf8mb4 COLLATE=utf8mb4_unicode_ci;

--
-- Dumping data for table `degree`
--

INSERT INTO `degree` (`id`, `degreeName`) VALUES
(1, 'بكاليورس'),
(2, 'ماجستير'),
(3, 'دكتوراة'),
(4, 'أخرى');

-- --------------------------------------------------------

--
-- Table structure for table `gender`
--

CREATE TABLE `gender` (
  `id` int(11) NOT NULL,
  `gender_desc` varchar(20) COLLATE utf8mb4_unicode_ci NOT NULL
) ENGINE=InnoDB DEFAULT CHARSET=utf8mb4 COLLATE=utf8mb4_unicode_ci;

--
-- Dumping data for table `gender`
--

INSERT INTO `gender` (`id`, `gender_desc`) VALUES
(1, 'Male'),
(2, 'Female');

-- --------------------------------------------------------

--
-- Table structure for table `groups`
--

CREATE TABLE `groups` (
  `id` mediumint(8) UNSIGNED NOT NULL,
  `name` varchar(20) NOT NULL,
  `description` varchar(100) NOT NULL
) ENGINE=InnoDB DEFAULT CHARSET=utf8;

--
-- Dumping data for table `groups`
--

INSERT INTO `groups` (`id`, `name`, `description`) VALUES
(1, 'admin', 'مدير النظام'),
(2, 'Instructor', 'مدرب'),
(3, 'Trainee', 'متدرب'),
(4, 'center', 'مركز تدريبي'),
(5, 'CenterOwnerAndInst', 'مالك مركز ومدرب');

-- --------------------------------------------------------

--
-- Table structure for table `login_attempts`
--

CREATE TABLE `login_attempts` (
  `id` int(11) UNSIGNED NOT NULL,
  `ip_address` varchar(45) NOT NULL,
  `login` varchar(100) NOT NULL,
  `time` int(11) UNSIGNED DEFAULT NULL
) ENGINE=InnoDB DEFAULT CHARSET=utf8;

-- --------------------------------------------------------

--
-- Table structure for table `products`
--

CREATE TABLE `products` (
  `id` int(11) NOT NULL,
  `cat_id` int(11) NOT NULL,
  `name` varchar(255) NOT NULL
) ENGINE=InnoDB DEFAULT CHARSET=latin1;

--
-- Dumping data for table `products`
--

INSERT INTO `products` (`id`, `cat_id`, `name`) VALUES
(1, 1, 'pro 1'),
(2, 1, 'pro 2'),
(3, 1, 'pro 1'),
(6, 2, 'pro 1'),
(7, 2, 'pro 2'),
(9, 2, 'pro 2 3'),
(16, 0, 'test'),
(17, 1, 'test2'),
(18, 2, 'testing'),
(19, 7, 'Test 1 product...'),
(20, 0, 'download_(1).jpg');

-- --------------------------------------------------------

--
-- Table structure for table `review`
--

CREATE TABLE `review` (
  `id` int(11) NOT NULL,
  `user_id` int(11) NOT NULL,
  `course_id` int(11) NOT NULL,
  `rating` int(11) NOT NULL,
  `content` varchar(250) CHARACTER SET utf8 COLLATE utf8_unicode_ci NOT NULL,
  `created` datetime NOT NULL DEFAULT '0000-00-00 00:00:00' ON UPDATE CURRENT_TIMESTAMP
) ENGINE=InnoDB DEFAULT CHARSET=utf8mb4 COLLATE=utf8mb4_unicode_ci;

--
-- Dumping data for table `review`
--

INSERT INTO `review` (`id`, `user_id`, `course_id`, `rating`, `content`, `created`) VALUES
(1, 1, 2, 4, 'محتوى', '2018-05-19 14:37:25'),
(2, 1, 2, 2, 'محتوى', '0000-00-00 00:00:00'),
(3, 3, 2, 3, 'محتوى', '0000-00-00 00:00:00'),
(4, 3, 2, 4, 'محتوى', '0000-00-00 00:00:00'),
(5, 4, 2, 5, 'محتوى', '0000-00-00 00:00:00'),
(6, 2, 2, 5, 'محتوى', '0000-00-00 00:00:00'),
(7, 3, 2, 1, 'محتوى', '0000-00-00 00:00:00');

-- --------------------------------------------------------

--
-- Table structure for table `services`
--

CREATE TABLE `services` (
  `id` int(11) NOT NULL,
  `service_name` varchar(100) COLLATE utf8mb4_unicode_ci NOT NULL,
  `about_service` text COLLATE utf8mb4_unicode_ci NOT NULL,
  `price` decimal(10,0) NOT NULL,
  `currency` int(11) NOT NULL
) ENGINE=InnoDB DEFAULT CHARSET=utf8mb4 COLLATE=utf8mb4_unicode_ci;

--
-- Dumping data for table `services`
--

INSERT INTO `services` (`id`, `service_name`, `about_service`, `price`, `currency`) VALUES
(1, 'خدمة اظهار اسم الدورة على الشريط', 'تتيح هذه الخدمة اظهار اسم الدورة التدريبية في الشريط العلوي في الصفحة الرئيسية', '10', 2),
(2, 'خدمة اظهار اسم المدرب على الشريط', 'تتيح هذه الخدمة اظهار اسم المدرب على الشريط المتحرك أعلى الصفحة في الصفحة الرئيسية للموقع', '5', 2);

-- --------------------------------------------------------

--
-- Table structure for table `service_subscriptions`
--

CREATE TABLE `service_subscriptions` (
  `id` int(11) NOT NULL,
  `service_id` int(11) NOT NULL,
  `user_id` int(11) NOT NULL,
  `sub_date` datetime NOT NULL,
  `num_of_years` int(11) NOT NULL,
  `paid` bit(1) NOT NULL
) ENGINE=InnoDB DEFAULT CHARSET=utf8mb4 COLLATE=utf8mb4_unicode_ci;

--
-- Dumping data for table `service_subscriptions`
--

INSERT INTO `service_subscriptions` (`id`, `service_id`, `user_id`, `sub_date`, `num_of_years`, `paid`) VALUES
(1, 1, 6, '2018-04-07 00:00:00', 0, b'0'),
(2, 1, 15, '2017-05-04 00:00:00', 1, b'1'),
(3, 1, 15, '2018-05-04 00:00:00', 1, b'1');

-- --------------------------------------------------------

--
-- Table structure for table `specialization`
--

CREATE TABLE `specialization` (
  `id` int(11) NOT NULL,
  `main_specialization` varchar(100) COLLATE utf8mb4_unicode_ci NOT NULL,
  `branch_specialization` varchar(100) COLLATE utf8mb4_unicode_ci NOT NULL
) ENGINE=InnoDB DEFAULT CHARSET=utf8mb4 COLLATE=utf8mb4_unicode_ci;

--
-- Dumping data for table `specialization`
--

INSERT INTO `specialization` (`id`, `main_specialization`, `branch_specialization`) VALUES
(1, 'Math', 'Applied Math'),
(2, 'Science', 'Science Fiction');

-- --------------------------------------------------------

--
-- Table structure for table `student_courses`
--

CREATE TABLE `student_courses` (
  `id` int(11) NOT NULL,
  `student_id` int(11) NOT NULL,
  `course_id` int(11) NOT NULL,
  `join_date` datetime NOT NULL,
  `paid` tinyint(1) NOT NULL
) ENGINE=InnoDB DEFAULT CHARSET=utf8mb4 COLLATE=utf8mb4_unicode_ci;

--
-- Dumping data for table `student_courses`
--

INSERT INTO `student_courses` (`id`, `student_id`, `course_id`, `join_date`, `paid`) VALUES
(1, 19, 9, '2018-06-19 00:00:00', 0);

-- --------------------------------------------------------

--
-- Table structure for table `test`
--

CREATE TABLE `test` (
  `id` int(11) NOT NULL,
  `title` varchar(255) NOT NULL,
  `description` text NOT NULL,
  `status` int(11) NOT NULL
) ENGINE=InnoDB DEFAULT CHARSET=latin1;

--
-- Dumping data for table `test`
--

INSERT INTO `test` (`id`, `title`, `description`, `status`) VALUES
(3, 'test', '', 0),
(4, 'test', '', 1),
(5, 'great', 'great', 0);

-- --------------------------------------------------------

--
-- Table structure for table `training_courses`
--

CREATE TABLE `training_courses` (
  `id` int(11) NOT NULL,
  `course_name` varchar(200) COLLATE utf8mb4_unicode_ci NOT NULL,
  `course_specilization` int(11) NOT NULL,
  `about_course` text COLLATE utf8mb4_unicode_ci NOT NULL,
  `tcenter` int(11) NOT NULL,
  `instructor` int(11) NOT NULL,
  `start_date` date NOT NULL,
  `end_date` date NOT NULL,
  `days` text COLLATE utf8mb4_unicode_ci NOT NULL,
  `time_from` varchar(11) COLLATE utf8mb4_unicode_ci NOT NULL,
  `time_to` varchar(11) COLLATE utf8mb4_unicode_ci NOT NULL,
  `no_of_seats` int(11) NOT NULL,
  `price` decimal(10,0) NOT NULL,
  `group_price` decimal(10,0) NOT NULL,
  `currency` int(11) NOT NULL,
  `created_on` datetime NOT NULL
) ENGINE=InnoDB DEFAULT CHARSET=utf8mb4 COLLATE=utf8mb4_unicode_ci;

--
-- Dumping data for table `training_courses`
--

INSERT INTO `training_courses` (`id`, `course_name`, `course_specilization`, `about_course`, `tcenter`, `instructor`, `start_date`, `end_date`, `days`, `time_from`, `time_to`, `no_of_seats`, `price`, `group_price`, `currency`, `created_on`) VALUES
(1, 'course1', 1, 'aawssaw', 2, 4, '2018-04-13', '2018-04-03', '', '4', '7', 30, '300', '0', 1, '0000-00-00 00:00:00'),
(2, 'دورة التصوير الفوتوغرافي', 1, 'أنواع الكاميرات – الاعدادات – العدسات (وطريقة فك العدسة وتركيبها) – الفوكس – الغالق', 2, 1, '2018-04-17', '2018-04-28', '', '10:00 AM', '3:00 PM', 40, '2500', '0', 2, '0000-00-00 00:00:00'),
(3, 'دورة إدارة المشاريع الاحترافية', 1, 'تعزز دورة إدارة المشاريع الاحترافية جودة مستوى إدارة المشاريع سواءً الصغيرة أو الكبيرة وتقدم أفضل الممارسات العالمية التي ترفع من نسبة نجاح المشاريع وتجنُّب التكاليف التي قد تتسبب في إغلاق المشروع أو أخذ المشروع وقت أكثر مما هو مخطط له.', 4, 7, '2018-04-30', '2018-05-11', '', '10:00 AM', '3:00 PM', 30, '4000', '0', 1, '0000-00-00 00:00:00'),
(4, 'دورة التحليل المالي', 1, 'كيفية إختيار القطاع الأفضل بين القطاعات وتحديد الشركة الأنسب بين المنافسين \r\nاستخدام استراتيجية بوستن لأنتقاء الشركة', 3, 6, '2018-05-04', '2018-05-12', '', '10:00 AM', '3:00 PM', 30, '4000', '0', 1, '0000-00-00 00:00:00'),
(5, 'دورة اعداد القادة', 1, 'نبذة', 2, 5, '2018-05-06', '2018-05-11', '', '10:00 AM', '3:00 PM', 30, '4000', '0', 1, '0000-00-00 00:00:00'),
(6, 'دورة تجربة المستخدم ux', 2, 'تحسين تجربة المستخدم لتطبيقات الويب', 3, 5, '2018-05-05', '2018-05-12', '', '10:00 AM', '3:00 PM', 20, '500', '0', 1, '0000-00-00 00:00:00'),
(7, 'إدارة الوقت والاجتماعات وتفويض الصلاحيات للسكرتارية ومنسقي المكاتب', 2, 'تحديد مفهوم الأولويات وإدارة الوقت وكيفية تنظيمه حسب الأهم قبل المهم .\r\n\r\n إدراك الدور السلبي لضغوط العمل كأحد مضيعات الوقت ويستخدم الأسلوب الأنسب للتغلب عليها\r\n\r\n تحديد العائد المتوقع من الاستثمار الأمثل للوقت على كل من الفرد والمنظمة .\r\n\r\nتطبيق إستراتيجيات الاستثمار الفعال للوقت وطرق مضاعفة الفائدة من استغلال الوقت في إنجاز المهام والأولويات .\r\n\r\nممارسة استخدام بعض النماذج العملية في جدولة الوقت وانجاز الأعمال المطلوبة.\r\n\r\nإكساب المشاركين مهارات تنظيم أعمال الاجتماعات واللجان بفاعلية ومتابعة نتائجها .', 4, 6, '2018-06-12', '2018-06-20', '', '4', '10', 30, '4000', '0', 1, '0000-00-00 00:00:00'),
(8, 'أساليب ومهارات تطوير وتحسين أساليب العمل', 1, 'زيادة رضا المتعاملين مع المؤسسات من مواطنين ومستثمرين وتعزيز ثقتهم بها وذلك عن طريق تزويد المشاركين بالمعارف والمعلومات الخاصة بتطوير أساليب وإجراءات العمل لتحسين اتجاهاتهم وتنمية مهاراتهم في مجال تحليل ودراسة الإجراءات الإدارية وإعداد الأدلة والنماذج ليصبحوا قادرين على المساهمة في عمليات تبسيط الإجراءات في دوائرهم وتيسير سبل حصول المواطنين والمستثمرين على الخدمات المقدمة من الأجهزة الحكومية.', 3, 12, '2018-06-02', '2018-06-08', '', '5', '10', 40, '3500', '0', 1, '0000-00-00 00:00:00'),
(9, 'مهارات تنسيق العمل الإداري', 1, 'صممت هذه الـدورة خصيصاً للعاملين في ادارات المتابعـة والتنسيق الإداري في مختلف المستويات الادارية وذلك بعد عمل دراسات وبحوث للأحتياجات التدريبية الفعلية لعدد من الادارات حيث يهدف هذا البرنامج إلى تنمية ورفع كفاءة التنسيق والمتابعة بين مختلف ادارات المنظمة في القطاع الحكومي وشركات الطاقة وشركات القطاع الخاص المختلفة بما يساعد على تأدية المهام الوظيفية بكفأة وفعالية وخلق الانسجام الافقي والعامودي، وبالتالي تحسين مستوى الاداء الوظيفي على مستوى الجهة الادارية', 2, 12, '2018-06-06', '2018-05-28', '', '7', '11', 30, '4500', '0', 1, '0000-00-00 00:00:00'),
(10, 'التميز الإداري والتفكير الاستراتيجي والابتكار الابداعي', 0, 'يمثل الابتكار والإبداع أحد المتطلبات الأساسية في الإدارة المعاصرة ، إذ لم يعد كافياً أو حتى مرضياً اداء الأعمال في المنظمات على اختلاف انواعها بالطرائق الروتينية التقليدية لأن الاستمرار بها قد يؤدي إلى فشل ال منظمات ، من أجل ضمان بقائها واستمرارها ، يجب أن لا تقف عند حد الكفاءة ، بمعنى أن تقوم بعمل الأشياء بطريقة صحيحة ، وإنما يجب أن يكون طموحها أبعد من ذلك بحيث يكون الابتكار والإبداع والتجديد هي السمات المميزة لأدائها', 2, 12, '2018-06-07', '2018-06-09', '', '4', '6', 40, '3500', '0', 1, '0000-00-00 00:00:00');

-- --------------------------------------------------------

--
-- Table structure for table `users_backup`
--

CREATE TABLE `users_backup` (
  `id` int(11) UNSIGNED NOT NULL,
  `ip_address` varchar(45) NOT NULL,
  `username` varchar(100) DEFAULT NULL,
  `password` varchar(255) NOT NULL,
  `salt` varchar(255) DEFAULT NULL,
  `email` varchar(254) NOT NULL,
  `activation_code` varchar(40) DEFAULT NULL,
  `forgotten_password_code` varchar(40) DEFAULT NULL,
  `forgotten_password_time` int(11) UNSIGNED DEFAULT NULL,
  `remember_code` varchar(40) DEFAULT NULL,
  `created_on` int(11) UNSIGNED NOT NULL,
  `last_login` int(11) UNSIGNED DEFAULT NULL,
  `active` tinyint(1) UNSIGNED DEFAULT NULL,
  `first_name` varchar(50) DEFAULT NULL,
  `last_name` varchar(50) DEFAULT NULL,
  `company` varchar(100) DEFAULT NULL,
  `phone` varchar(20) DEFAULT NULL
) ENGINE=InnoDB DEFAULT CHARSET=utf8;

--
-- Dumping data for table `users_backup`
--

INSERT INTO `users_backup` (`id`, `ip_address`, `username`, `password`, `salt`, `email`, `activation_code`, `forgotten_password_code`, `forgotten_password_time`, `remember_code`, `created_on`, `last_login`, `active`, `first_name`, `last_name`, `company`, `phone`) VALUES
(1, '127.0.0.1', 'administrator', '$2a$07$SeBknntpZror9uyftVopmu61qg0ms8Qv1yV6FG.kQOSM.9QhmTo36', '', 'admin@admin.com', '', NULL, NULL, NULL, 1268889823, 1522857471, 1, 'Admin', 'istrator', 'ADMIN', '0');

-- --------------------------------------------------------

--
-- Table structure for table `users_groups`
--

CREATE TABLE `users_groups` (
  `id` int(11) UNSIGNED NOT NULL,
  `user_id` int(11) NOT NULL,
  `group_id` mediumint(8) UNSIGNED NOT NULL
) ENGINE=InnoDB DEFAULT CHARSET=utf8;

--
-- Dumping data for table `users_groups`
--

INSERT INTO `users_groups` (`id`, `user_id`, `group_id`) VALUES
(1, 1, 1),
(10, 4, 2),
(12, 5, 2),
(14, 6, 2),
(13, 7, 2),
(20, 10, 4),
(16, 12, 2),
(15, 13, 2),
(17, 15, 3),
(19, 18, 3),
(21, 19, 3);

-- --------------------------------------------------------

--
-- Table structure for table `userz`
--

CREATE TABLE `userz` (
  `id` int(11) NOT NULL,
  `username` varchar(100) DEFAULT NULL,
  `password` varchar(255) NOT NULL,
  `salt` varchar(255) DEFAULT NULL,
  `email` varchar(254) NOT NULL,
  `full_name` varchar(200) NOT NULL,
  `birth_date` date NOT NULL,
  `gender` int(11) NOT NULL,
  `about` text,
  `activation_code` varchar(40) DEFAULT NULL,
  `forgotten_password_code` varchar(40) DEFAULT NULL,
  `forgotten_password_time` int(11) UNSIGNED DEFAULT NULL,
  `remember_code` varchar(40) DEFAULT NULL,
  `last_login` int(11) UNSIGNED DEFAULT NULL,
  `active` tinyint(1) UNSIGNED DEFAULT NULL,
  `company` varchar(100) DEFAULT NULL,
  `mobile` varchar(20) NOT NULL,
  `phone` varchar(20) DEFAULT NULL,
  `photo` text NOT NULL,
  `country` int(11) NOT NULL,
  `city` int(11) NOT NULL,
  `address` text NOT NULL,
  `role` int(11) NOT NULL,
  `profile_completed` bit(1) NOT NULL DEFAULT b'0',
  `created_on` datetime NOT NULL,
  `cv` text,
  `golden_star` bit(1) DEFAULT NULL
) ENGINE=InnoDB DEFAULT CHARSET=utf8;

--
-- Dumping data for table `userz`
--

INSERT INTO `userz` (`id`, `username`, `password`, `salt`, `email`, `full_name`, `birth_date`, `gender`, `about`, `activation_code`, `forgotten_password_code`, `forgotten_password_time`, `remember_code`, `last_login`, `active`, `company`, `mobile`, `phone`, `photo`, `country`, `city`, `address`, `role`, `profile_completed`, `created_on`, `cv`, `golden_star`) VALUES
(1, 'administrator', '$2a$07$SeBknntpZror9uyftVopmu61qg0ms8Qv1yV6FG.kQOSM.9QhmTo36', '', 'admin@admin.com', 'محمد ضوينا سليمان محمد', '0000-00-00', 1, 'هذ المدرب هو مؤسس، ورئيس مجلس الإدارة والمدير التنفيذي لمجموعة بوب بايك في مينيابوليس Minneapolis. ومن المعروف بأنه متخصص في تدريب المدربين ” ساهم في مجال التدريب وهو صاحب أفكار كانت تتركز على تسهيل التعلم من خلال التدريب العملي للدروس، والتفاعلية. وقد شارك في التدريب منذ عام 1969 وقام بتأليف وشارك في تأليف 29 كتابا، بما في ذلك التقنيات المبتكرة للتدريب ،The Creative Training Techniques Handbook وهو الآن في طبعته الثالثة،هذا الكتاب بعيت منه أكثر من 285،000 نسخة منذ الطبعة الأولى في عام 1989. الثالثة باع حوالي 50،000 نسخة. و 95000 للطبعة الثانية. كتابه الأخير هو The Fun Minute Manager (مايو 2009)، والذي شارك في تأليفه مع روبرت فورد وجون', '', NULL, NULL, NULL, 1527544014, 1, 'ADMIN', '', '0', 'in6.png', 0, 0, '', 1, b'0', '0000-00-00 00:00:00', NULL, NULL),
(4, 'daw70', 'NHIC@1234', NULL, '', 'محمد عادل محمد', '1997-01-16', 1, 'هذ المدرب هو مؤسس، ورئيس مجلس الإدارة والمدير التنفيذي لمجموعة بوب بايك في مينيابوليس Minneapolis. ومن المعروف بأنه متخصص في تدريب المدربين ” ساهم في مجال التدريب وهو صاحب أفكار كانت تتركز على تسهيل التعلم من خلال التدريب العملي للدروس، والتفاعلية. وقد شارك في التدريب منذ عام 1969 وقام بتأليف وشارك في تأليف 29 كتابا، بما في ذلك التقنيات المبتكرة للتدريب ،The Creative Training Techniques Handbook وهو الآن في طبعته الثالثة،هذا الكتاب بعيت منه أكثر من 285،000 نسخة منذ الطبعة الأولى في عام 1989. الثالثة باع حوالي 50،000 نسخة. و 95000 للطبعة الثانية. كتابه الأخير هو The Fun Minute Manager (مايو 2009)، والذي شارك في تأليفه مع روبرت فورد وجون', NULL, NULL, NULL, NULL, NULL, NULL, 'Pan Media', '554127441', '1912164022', 'in2.png', 184, 2879, 'Riyadh, Yamama, Jabal Abbam street, Floor No. 1', 6, b'0', '0000-00-00 00:00:00', NULL, NULL),
(5, 'mdawaina3030', '$2a$08$ojFBHCp8Ol78tflx209y3.EsHGYFtTKcRRd/OmHnEVL8NA7udBf8G', NULL, '', 'أبوبكر عباس محمد فرح', '2018-03-05', 1, 'هذ المدرب هو مؤسس، ورئيس مجلس الإدارة والمدير التنفيذي لمجموعة بوب بايك في مينيابوليس Minneapolis. ومن المعروف بأنه متخصص في تدريب المدربين ” ساهم في مجال التدريب وهو صاحب أفكار كانت تتركز على تسهيل التعلم من خلال التدريب العملي للدروس، والتفاعلية. وقد شارك في التدريب منذ عام 1969 وقام بتأليف وشارك في تأليف 29 كتابا، بما في ذلك التقنيات المبتكرة للتدريب ،The Creative Training Techniques Handbook وهو الآن في طبعته الثالثة،هذا الكتاب بعيت منه أكثر من 285،000 نسخة منذ الطبعة الأولى في عام 1989. الثالثة باع حوالي 50،000 نسخة. و 95000 للطبعة الثانية. كتابه الأخير هو The Fun Minute Manager (مايو 2009)، والذي شارك في تأليفه مع روبرت فورد وجون', NULL, NULL, NULL, NULL, NULL, NULL, 'Compsny1', '0554127441', '344344', 'in3.png', 3, 3, '222', 6, b'0', '0000-00-00 00:00:00', NULL, NULL),
(6, 'mdawaina1', '$2a$08$OeUIK7JDxMIaqdU6wCXAue6/k.yWjDIHoLM67UNJ8m0k27CUl2C2S', NULL, 'md@gmail.com', 'الخضر حسن ابراهيم', '1987-04-27', 1, 'هذ المدرب هو مؤسس، ورئيس مجلس الإدارة والمدير التنفيذي لمجموعة بوب بايك في مينيابوليس Minneapolis. ومن المعروف بأنه متخصص في تدريب المدربين ” ساهم في مجال التدريب وهو صاحب أفكار كانت تتركز على تسهيل التعلم من خلال التدريب العملي للدروس، والتفاعلية. وقد شارك في التدريب منذ عام 1969 وقام بتأليف وشارك في تأليف 29 كتابا، بما في ذلك التقنيات المبتكرة للتدريب ،The Creative Training Techniques Handbook وهو الآن في طبعته الثالثة،هذا الكتاب بعيت منه أكثر من 285،000 نسخة منذ الطبعة الأولى في عام 1989. الثالثة باع حوالي 50،000 نسخة. و 95000 للطبعة الثانية. كتابه الأخير هو The Fun Minute Manager (مايو 2009)، والذي شارك في تأليفه مع روبرت فورد وجون', NULL, NULL, NULL, NULL, 1523708529, 1, 'Compsny1', '0554127441', '144', 'in4.png', 184, 2879, '222', 6, b'0', '0000-00-00 00:00:00', NULL, NULL),
(7, 'amer', '$2a$08$CgUENDrbxcHvep0uyANyB.KnpUIk7pcCP38bd.1JEhHItI3hYR3pe', NULL, 'abuo1_malk@hotmail.com ', 'عامر سلامة', '1982-01-01', 1, 'هذ المدرب هو مؤسس، ورئيس مجلس الإدارة والمدير التنفيذي لمجموعة بوب بايك في مينيابوليس Minneapolis. ومن المعروف بأنه متخصص في تدريب المدربين ” ساهم في مجال التدريب وهو صاحب أفكار كانت تتركز على تسهيل التعلم من خلال التدريب العملي للدروس، والتفاعلية. وقد شارك في التدريب منذ عام 1969 وقام بتأليف وشارك في تأليف 29 كتابا، بما في ذلك التقنيات المبتكرة للتدريب ،The Creative Training Techniques Handbook وهو الآن في طبعته الثالثة،هذا الكتاب بعيت منه أكثر من 285،000 نسخة منذ الطبعة الأولى في عام 1989. الثالثة باع حوالي 50،000 نسخة. و 95000 للطبعة الثانية. كتابه الأخير هو The Fun Minute Manager (مايو 2009)، والذي شارك في تأليفه مع روبرت فورد وجون', NULL, NULL, NULL, NULL, NULL, NULL, 'Baazy', '0554127441', '344344', 'in5.png', 1, 4, 'address', 6, b'0', '0000-00-00 00:00:00', NULL, NULL),
(10, 'mazin', '$2a$08$kOML1Zuqn7kraDRnnv6AMOEOKtbdOYUUF/EOrhFnWnZXWTzbw515S', NULL, 'user10@mail.com', 'مازن عوض', '1982-01-01', 1, 'هذ المدرب هو مؤسس، ورئيس مجلس الإدارة والمدير التنفيذي لمجموعة بوب بايك في مينيابوليس Minneapolis. ومن المعروف بأنه متخصص في تدريب المدربين ” ساهم في مجال التدريب وهو صاحب أفكار كانت تتركز على تسهيل التعلم من خلال التدريب العملي للدروس، والتفاعلية. وقد شارك في التدريب منذ عام 1969 وقام بتأليف وشارك في تأليف 29 كتابا، بما في ذلك التقنيات المبتكرة للتدريب ،The Creative Training Techniques Handbook وهو الآن في طبعته الثالثة،هذا الكتاب بعيت منه أكثر من 285،000 نسخة منذ الطبعة الأولى في عام 1989. الثالثة باع حوالي 50،000 نسخة. و 95000 للطبعة الثانية. كتابه الأخير هو The Fun Minute Manager (مايو 2009)، والذي شارك في تأليفه مع روبرت فورد وجون', NULL, NULL, NULL, NULL, 1527939781, 1, NULL, '054323432', NULL, '', 258, 4240, '', 6, b'0', '0000-00-00 00:00:00', NULL, NULL),
(11, NULL, '$2a$08$9zEUuu4HI.Dd.Npxw/tPMOi5EJb1S2hqSy/V2zkQZthdEF788IjI2', NULL, 'gggg@mhhh.com', 'الطاهر صديق التوم', '0000-00-00', 1, 'هذ المدرب هو مؤسس، ورئيس مجلس الإدارة والمدير التنفيذي لمجموعة بوب بايك في مينيابوليس Minneapolis. ومن المعروف بأنه متخصص في تدريب المدربين ” ساهم في مجال التدريب وهو صاحب أفكار كانت تتركز على تسهيل التعلم من خلال التدريب العملي للدروس، والتفاعلية. وقد شارك في التدريب منذ عام 1969 وقام بتأليف وشارك في تأليف 29 كتابا، بما في ذلك التقنيات المبتكرة للتدريب ،The Creative Training Techniques Handbook وهو الآن في طبعته الثالثة،هذا الكتاب بعيت منه أكثر من 285،000 نسخة منذ الطبعة الأولى في عام 1989. الثالثة باع حوالي 50،000 نسخة. و 95000 للطبعة الثانية. كتابه الأخير هو The Fun Minute Manager (مايو 2009)، والذي شارك في تأليفه مع روبرت فورد وجون', NULL, NULL, NULL, NULL, NULL, NULL, NULL, '0543434321', NULL, '', 258, 4240, '', 6, b'0', '0000-00-00 00:00:00', NULL, NULL),
(12, 'user1', '$2a$08$kOML1Zuqn7kraDRnnv6AMOEOKtbdOYUUF/EOrhFnWnZXWTzbw515S', NULL, 'user1@mail.com', 'حذيفة ادم طه حسين', '1981-01-13', 1, 'حذيفه طه هو مؤسس، ورئيس مجلس الإدارة والمدير التنفيذي لمجموعة بوب بايك في مينيابوليس Minneapolis. ومن المعروف بأنه متخصص في تدريب المدربين ” ساهم في مجال التدريب وهو صاحب أفكار كانت تتركز على تسهيل التعلم من خلال التدريب العملي للدروس، والتفاعلية. وقد شارك في التدريب منذ عام 1969 وقام بتأليف وشارك في تأليف 29 كتابا، بما في ذلك التقنيات المبتكرة للتدريب ،The Creative Training Techniques Handbook وهو الآن في طبعته الثالثة،هذا الكتاب بعيت منه أكثر من 285،000 نسخة منذ الطبعة الأولى في عام 1989. الثالثة باع حوالي 50،000 نسخة. و 95000 للطبعة الثانية. كتابه الأخير هو The Fun Minute Manager (مايو 2009)، والذي شارك في تأليفه مع روبرت فورد وجون', NULL, NULL, NULL, NULL, 1529481171, 1, 'داتا سيرف', '0554343332', '2222222', 'in7.png', 199, 3038, 'الحاج يوسف', 6, b'0', '0000-00-00 00:00:00', 'sample1.docx', NULL),
(13, 'mdawaina22', '$2a$08$kOML1Zuqn7kraDRnnv6AMOEOKtbdOYUUF/EOrhFnWnZXWTzbw515S', NULL, 'user2@mail.com', 'خالد أحمد الوسيلة', '1382-12-18', 1, NULL, NULL, NULL, NULL, NULL, 1526120876, 1, 'نهج', '0656665594', '', 'in1.png', 199, 3038, 'الكلاكلة القبة', 6, b'0', '0000-00-00 00:00:00', NULL, NULL),
(15, NULL, '$2a$08$kOML1Zuqn7kraDRnnv6AMOEOKtbdOYUUF/EOrhFnWnZXWTzbw515S', NULL, 'user3@mail.com', 'جمال ابراهيم أحمد', '0000-00-00', 1, 'هذ المدرب هو مؤسس، ورئيس مجلس الإدارة والمدير التنفيذي لمجموعة بوب بايك في مينيابوليس Minneapolis. ومن المعروف بأنه متخصص في تدريب المدربين ” ساهم في مجال التدريب وهو صاحب أفكار كانت تتركز على تسهيل التعلم من خلال التدريب العملي للدروس، والتفاعلية. وقد شارك في التدريب منذ عام 1969 وقام بتأليف وشارك في تأليف 29 كتابا، بما في ذلك التقنيات المبتكرة للتدريب ،The Creative Training Techniques Handbook وهو الآن في طبعته الثالثة،هذا الكتاب بعيت منه أكثر من 285،000 نسخة منذ الطبعة الأولى في عام 1989. الثالثة باع حوالي 50،000 نسخة. و 95000 للطبعة الثانية. كتابه الأخير هو The Fun Minute Manager (مايو 2009)، والذي شارك في تأليفه مع روبرت فورد وجون', NULL, NULL, NULL, NULL, 1526143690, 1, NULL, '05566776665', NULL, '', 258, 4240, '', 6, b'0', '0000-00-00 00:00:00', NULL, NULL),
(18, NULL, '$2a$08$Dky9XJH9qMVfO1MvDw7N8.Ed4dK2mZzHKcIF06RROgxHYpol5pmwe', NULL, 'user9@mail.com', 'عبد الرحمن محمد ضوينا', '0000-00-00', 1, 'هذ المدرب هو مؤسس، ورئيس مجلس الإدارة والمدير التنفيذي لمجموعة بوب بايك في مينيابوليس Minneapolis. ومن المعروف بأنه متخصص في تدريب المدربين ” ساهم في مجال التدريب وهو صاحب أفكار كانت تتركز على تسهيل التعلم من خلال التدريب العملي للدروس، والتفاعلية. وقد شارك في التدريب منذ عام 1969 وقام بتأليف وشارك في تأليف 29 كتابا، بما في ذلك التقنيات المبتكرة للتدريب ،The Creative Training Techniques Handbook وهو الآن في طبعته الثالثة،هذا الكتاب بعيت منه أكثر من 285،000 نسخة منذ الطبعة الأولى في عام 1989. الثالثة باع حوالي 50،000 نسخة. و 95000 للطبعة الثانية. كتابه الأخير هو The Fun Minute Manager (مايو 2009)، والذي شارك في تأليفه مع روبرت فورد وجون', NULL, NULL, NULL, NULL, NULL, 1, NULL, '05544556677', NULL, '', 258, 4240, '', 3, b'0', '0000-00-00 00:00:00', NULL, NULL),
(19, NULL, '$2a$08$rWO6kRkuNON1JYLUzfJGPevQFByy5iAwzfVs/ZGI0YdiH6W7Pmhdq', NULL, 'user11@mail.com', 'مجذوف حسن الفاضل', '0000-00-00', 1, NULL, NULL, NULL, 1529415732, NULL, 1529479450, 1, NULL, '0554985443', NULL, '', 258, 4240, '', 3, b'0', '0000-00-00 00:00:00', NULL, NULL);

-- --------------------------------------------------------

--
-- Table structure for table `user_role`
--

CREATE TABLE `user_role` (
  `id` int(11) NOT NULL,
  `name` varchar(150) COLLATE utf8mb4_unicode_ci NOT NULL
) ENGINE=InnoDB DEFAULT CHARSET=utf8mb4 COLLATE=utf8mb4_unicode_ci;

--
-- Dumping data for table `user_role`
--

INSERT INTO `user_role` (`id`, `name`) VALUES
(1, 'مدير النظام'),
(2, 'مدرب'),
(3, 'متدرب'),
(4, 'مالك مركز'),
(5, 'مالك مركز ومدرب'),
(6, 'غير محدد');

-- --------------------------------------------------------

--
-- Table structure for table `vistorsdata`
--

CREATE TABLE `vistorsdata` (
  `id` int(11) NOT NULL,
  `name` varchar(200) COLLATE utf8mb4_unicode_ci NOT NULL,
  `phone` varchar(15) COLLATE utf8mb4_unicode_ci NOT NULL,
  `email` varchar(50) COLLATE utf8mb4_unicode_ci NOT NULL,
  `organization` varchar(50) COLLATE utf8mb4_unicode_ci NOT NULL,
  `job` varchar(50) COLLATE utf8mb4_unicode_ci NOT NULL,
  `degree` int(11) NOT NULL
) ENGINE=InnoDB DEFAULT CHARSET=utf8mb4 COLLATE=utf8mb4_unicode_ci;

--
-- Indexes for dumped tables
--

--
-- Indexes for table `category`
--
ALTER TABLE `category`
  ADD PRIMARY KEY (`id`),
  ADD KEY `id` (`id`);

--
-- Indexes for table `cats_pro`
--
ALTER TABLE `cats_pro`
  ADD PRIMARY KEY (`id`);

--
-- Indexes for table `centers`
--
ALTER TABLE `centers`
  ADD PRIMARY KEY (`id`),
  ADD KEY `id` (`id`),
  ADD KEY `type` (`center_type`),
  ADD KEY `specialization` (`specialization`),
  ADD KEY `center_type` (`center_type`),
  ADD KEY `owner` (`owner`),
  ADD KEY `country` (`center_country`),
  ADD KEY `city` (`center_city`);

--
-- Indexes for table `center_type`
--
ALTER TABLE `center_type`
  ADD PRIMARY KEY (`id`),
  ADD KEY `id` (`id`);

--
-- Indexes for table `cities`
--
ALTER TABLE `cities`
  ADD PRIMARY KEY (`id`),
  ADD KEY `id` (`id`),
  ADD KEY `country_id` (`country_id`);

--
-- Indexes for table `countries`
--
ALTER TABLE `countries`
  ADD PRIMARY KEY (`id`),
  ADD KEY `id` (`id`);

--
-- Indexes for table `currency`
--
ALTER TABLE `currency`
  ADD PRIMARY KEY (`id`),
  ADD KEY `id` (`id`),
  ADD KEY `id_2` (`id`);

--
-- Indexes for table `degree`
--
ALTER TABLE `degree`
  ADD PRIMARY KEY (`id`),
  ADD KEY `id` (`id`);

--
-- Indexes for table `gender`
--
ALTER TABLE `gender`
  ADD PRIMARY KEY (`id`),
  ADD KEY `id` (`id`);

--
-- Indexes for table `groups`
--
ALTER TABLE `groups`
  ADD PRIMARY KEY (`id`);

--
-- Indexes for table `login_attempts`
--
ALTER TABLE `login_attempts`
  ADD PRIMARY KEY (`id`);

--
-- Indexes for table `products`
--
ALTER TABLE `products`
  ADD PRIMARY KEY (`id`);

--
-- Indexes for table `review`
--
ALTER TABLE `review`
  ADD PRIMARY KEY (`id`);

--
-- Indexes for table `services`
--
ALTER TABLE `services`
  ADD PRIMARY KEY (`id`),
  ADD KEY `id` (`id`),
  ADD KEY `currency` (`currency`);

--
-- Indexes for table `service_subscriptions`
--
ALTER TABLE `service_subscriptions`
  ADD PRIMARY KEY (`id`),
  ADD KEY `id` (`id`),
  ADD KEY `service_id` (`service_id`),
  ADD KEY `user_id` (`user_id`);

--
-- Indexes for table `specialization`
--
ALTER TABLE `specialization`
  ADD PRIMARY KEY (`id`),
  ADD KEY `id` (`id`);

--
-- Indexes for table `student_courses`
--
ALTER TABLE `student_courses`
  ADD PRIMARY KEY (`id`),
  ADD KEY `id` (`id`),
  ADD KEY `student_id` (`student_id`),
  ADD KEY `course_id` (`course_id`);

--
-- Indexes for table `test`
--
ALTER TABLE `test`
  ADD PRIMARY KEY (`id`);

--
-- Indexes for table `training_courses`
--
ALTER TABLE `training_courses`
  ADD PRIMARY KEY (`id`),
  ADD KEY `id` (`id`),
  ADD KEY `tcenter` (`tcenter`),
  ADD KEY `instructor` (`instructor`);

--
-- Indexes for table `users_backup`
--
ALTER TABLE `users_backup`
  ADD PRIMARY KEY (`id`);

--
-- Indexes for table `users_groups`
--
ALTER TABLE `users_groups`
  ADD PRIMARY KEY (`id`),
  ADD UNIQUE KEY `uc_users_groups` (`user_id`,`group_id`),
  ADD KEY `fk_users_groups_users1_idx` (`user_id`),
  ADD KEY `fk_users_groups_groups1_idx` (`group_id`);

--
-- Indexes for table `userz`
--
ALTER TABLE `userz`
  ADD PRIMARY KEY (`id`),
  ADD KEY `id` (`id`),
  ADD KEY `role` (`role`),
  ADD KEY `gender` (`gender`);

--
-- Indexes for table `user_role`
--
ALTER TABLE `user_role`
  ADD PRIMARY KEY (`id`),
  ADD KEY `id` (`id`);

--
-- Indexes for table `vistorsdata`
--
ALTER TABLE `vistorsdata`
  ADD PRIMARY KEY (`id`),
  ADD KEY `id` (`id`),
  ADD KEY `degree` (`degree`);

--
-- AUTO_INCREMENT for dumped tables
--

--
-- AUTO_INCREMENT for table `category`
--
ALTER TABLE `category`
  MODIFY `id` int(11) NOT NULL AUTO_INCREMENT, AUTO_INCREMENT=8;

--
-- AUTO_INCREMENT for table `cats_pro`
--
ALTER TABLE `cats_pro`
  MODIFY `id` int(11) NOT NULL AUTO_INCREMENT, AUTO_INCREMENT=5;

--
-- AUTO_INCREMENT for table `centers`
--
ALTER TABLE `centers`
  MODIFY `id` int(11) NOT NULL AUTO_INCREMENT, AUTO_INCREMENT=11;

--
-- AUTO_INCREMENT for table `center_type`
--
ALTER TABLE `center_type`
  MODIFY `id` int(11) NOT NULL AUTO_INCREMENT, AUTO_INCREMENT=3;

--
-- AUTO_INCREMENT for table `degree`
--
ALTER TABLE `degree`
  MODIFY `id` int(11) NOT NULL AUTO_INCREMENT, AUTO_INCREMENT=5;

--
-- AUTO_INCREMENT for table `groups`
--
ALTER TABLE `groups`
  MODIFY `id` mediumint(8) UNSIGNED NOT NULL AUTO_INCREMENT, AUTO_INCREMENT=6;

--
-- AUTO_INCREMENT for table `login_attempts`
--
ALTER TABLE `login_attempts`
  MODIFY `id` int(11) UNSIGNED NOT NULL AUTO_INCREMENT;

--
-- AUTO_INCREMENT for table `products`
--
ALTER TABLE `products`
  MODIFY `id` int(11) NOT NULL AUTO_INCREMENT, AUTO_INCREMENT=21;

--
-- AUTO_INCREMENT for table `review`
--
ALTER TABLE `review`
  MODIFY `id` int(11) NOT NULL AUTO_INCREMENT, AUTO_INCREMENT=8;

--
-- AUTO_INCREMENT for table `services`
--
ALTER TABLE `services`
  MODIFY `id` int(11) NOT NULL AUTO_INCREMENT, AUTO_INCREMENT=3;

--
-- AUTO_INCREMENT for table `service_subscriptions`
--
ALTER TABLE `service_subscriptions`
  MODIFY `id` int(11) NOT NULL AUTO_INCREMENT, AUTO_INCREMENT=4;

--
-- AUTO_INCREMENT for table `specialization`
--
ALTER TABLE `specialization`
  MODIFY `id` int(11) NOT NULL AUTO_INCREMENT, AUTO_INCREMENT=3;

--
-- AUTO_INCREMENT for table `student_courses`
--
ALTER TABLE `student_courses`
  MODIFY `id` int(11) NOT NULL AUTO_INCREMENT, AUTO_INCREMENT=2;

--
-- AUTO_INCREMENT for table `test`
--
ALTER TABLE `test`
  MODIFY `id` int(11) NOT NULL AUTO_INCREMENT, AUTO_INCREMENT=6;

--
-- AUTO_INCREMENT for table `training_courses`
--
ALTER TABLE `training_courses`
  MODIFY `id` int(11) NOT NULL AUTO_INCREMENT, AUTO_INCREMENT=11;

--
-- AUTO_INCREMENT for table `users_backup`
--
ALTER TABLE `users_backup`
  MODIFY `id` int(11) UNSIGNED NOT NULL AUTO_INCREMENT, AUTO_INCREMENT=2;

--
-- AUTO_INCREMENT for table `users_groups`
--
ALTER TABLE `users_groups`
  MODIFY `id` int(11) UNSIGNED NOT NULL AUTO_INCREMENT, AUTO_INCREMENT=22;

--
-- AUTO_INCREMENT for table `userz`
--
ALTER TABLE `userz`
  MODIFY `id` int(11) NOT NULL AUTO_INCREMENT, AUTO_INCREMENT=20;

--
-- AUTO_INCREMENT for table `user_role`
--
ALTER TABLE `user_role`
  MODIFY `id` int(11) NOT NULL AUTO_INCREMENT, AUTO_INCREMENT=7;

--
-- AUTO_INCREMENT for table `vistorsdata`
--
ALTER TABLE `vistorsdata`
  MODIFY `id` int(11) NOT NULL AUTO_INCREMENT;

--
-- Constraints for dumped tables
--

--
-- Constraints for table `centers`
--
ALTER TABLE `centers`
  ADD CONSTRAINT `centers_ibfk_1` FOREIGN KEY (`specialization`) REFERENCES `specialization` (`id`),
  ADD CONSTRAINT `centers_ibfk_2` FOREIGN KEY (`center_type`) REFERENCES `center_type` (`id`),
  ADD CONSTRAINT `centers_ibfk_3` FOREIGN KEY (`owner`) REFERENCES `userz` (`id`),
  ADD CONSTRAINT `centers_ibfk_4` FOREIGN KEY (`center_country`) REFERENCES `countries` (`id`),
  ADD CONSTRAINT `centers_ibfk_5` FOREIGN KEY (`center_city`) REFERENCES `cities` (`id`);

--
-- Constraints for table `cities`
--
ALTER TABLE `cities`
  ADD CONSTRAINT `cities_ibfk_1` FOREIGN KEY (`country_id`) REFERENCES `countries` (`id`);

--
-- Constraints for table `services`
--
ALTER TABLE `services`
  ADD CONSTRAINT `services_ibfk_1` FOREIGN KEY (`currency`) REFERENCES `currency` (`id`);

--
-- Constraints for table `service_subscriptions`
--
ALTER TABLE `service_subscriptions`
  ADD CONSTRAINT `service_subscriptions_ibfk_1` FOREIGN KEY (`service_id`) REFERENCES `services` (`id`),
  ADD CONSTRAINT `service_subscriptions_ibfk_2` FOREIGN KEY (`user_id`) REFERENCES `userz` (`id`);

--
-- Constraints for table `student_courses`
--
ALTER TABLE `student_courses`
  ADD CONSTRAINT `student_courses_ibfk_1` FOREIGN KEY (`student_id`) REFERENCES `userz` (`id`),
  ADD CONSTRAINT `student_courses_ibfk_2` FOREIGN KEY (`course_id`) REFERENCES `training_courses` (`id`);

--
-- Constraints for table `training_courses`
--
ALTER TABLE `training_courses`
  ADD CONSTRAINT `training_courses_ibfk_1` FOREIGN KEY (`instructor`) REFERENCES `userz` (`id`),
  ADD CONSTRAINT `training_courses_ibfk_2` FOREIGN KEY (`tcenter`) REFERENCES `centers` (`id`);

--
-- Constraints for table `users_groups`
--
ALTER TABLE `users_groups`
  ADD CONSTRAINT `fk_users_groups_groups1` FOREIGN KEY (`group_id`) REFERENCES `groups` (`id`) ON DELETE CASCADE ON UPDATE NO ACTION,
  ADD CONSTRAINT `users_groups_ibfk_1` FOREIGN KEY (`user_id`) REFERENCES `userz` (`id`) ON DELETE CASCADE ON UPDATE CASCADE;

--
-- Constraints for table `userz`
--
ALTER TABLE `userz`
  ADD CONSTRAINT `userz_ibfk_1` FOREIGN KEY (`role`) REFERENCES `user_role` (`id`),
  ADD CONSTRAINT `userz_ibfk_2` FOREIGN KEY (`gender`) REFERENCES `gender` (`id`);

--
-- Constraints for table `vistorsdata`
--
ALTER TABLE `vistorsdata`
  ADD CONSTRAINT `vistorsdata_ibfk_1` FOREIGN KEY (`degree`) REFERENCES `degree` (`id`) ON UPDATE CASCADE;
COMMIT;

/*!40101 SET CHARACTER_SET_CLIENT=@OLD_CHARACTER_SET_CLIENT */;
/*!40101 SET CHARACTER_SET_RESULTS=@OLD_CHARACTER_SET_RESULTS */;
/*!40101 SET COLLATION_CONNECTION=@OLD_COLLATION_CONNECTION */;
